LATITUDE_CIRCLE_IMAGE,LONGITUDE_CIRCLE_IMAGE,DIAM_CIRCLE_IMAGE,LAT_Y_PX,LONG_X_PX,RAD_PX
8.419,-112.738,69.7,5525,1859,151
21.985,-98.11,34.61,2052,5604,75
19.825,-118.017,32.27,2605,508,70
25.055,-97.473,26.79,1266,5767,58
17.998,-93.811,25.52,3073,6704,56
9.615,-119.076,23.59,5219,237,51
17.976,-110.887,22.68,3078,2333,49
29.052,-112.353,21.31,243,1958,47
14.016,-95.979,20.68,4092,6149,45
18.259,-114.125,19.45,3006,1504,42
19.281,-99.922,19.18,2744,5140,42
27.988,-117.25,18.65,515,704,41
25.119,-91.727,18.22,1250,7238,40
20.917,-95.131,16.68,2325,6366,37
19.155,-111.158,16.6,2776,2264,36
29.944,-109.609,16.07,14,2660,35
14.008,-111.703,14.59,4094,2124,32
26.68,-97.817,14.54,850,5679,32
24.386,-106.988,14.32,1437,3331,31
22.884,-109.392,14.29,1822,2716,31
20.123,-111.15,13.78,2529,2266,30
22.547,-92.057,13.29,1908,7153,29
26.183,-98.202,13.17,977,5580,29
20.552,-93.54,13.09,2419,6774,29
26.063,-108.949,12.66,1008,2829,28
28.704,-113.959,12.28,332,1546,27
29.053,-109.388,12.05,242,2717,27
23.781,-110.274,12.04,1592,2490,26
25.567,-107.523,11.98,1135,3194,26
21.552,-99.155,11.88,2163,5336,26
9.557,-97.39,10.84,5233,5788,24
12.322,-101.295,10.8,4526,4788,24
26.259,-97.098,10.68,958,5863,24
27.316,-106.108,10.65,687,3556,23
26.495,-91.225,10.5,897,7366,23
22.111,-97.357,10.39,2020,5797,23
27.857,-105.83,10.36,549,3628,23
25.338,-116.964,10.28,1193,777,23
24.046,-99.825,10.28,1524,5165,23
16.972,-102.704,10.04,3335,4428,22
13.601,-114.871,9.88,4198,1313,22
29.167,-91.202,9.81,213,7372,22
7.844,-94.187,9.73,5672,6608,22
26.858,-107.103,9.69,804,3302,21
26.644,-118.766,9.62,859,316,21
15.607,-116.186,9.61,3685,976,21
28.315,-97.257,9.41,431,5822,21
21.643,-112.744,9.22,2139,1858,20
12.756,-90.472,9.22,4414,7559,20
25.711,-103.373,9.15,1098,4257,20
18.051,-111.126,9.09,3059,2272,20
29.128,-106.047,9.07,223,3572,20
28.893,-105.975,9.03,283,3590,20
26.701,-113.344,8.86,845,1704,20
25.24,-98.843,8.83,1219,5416,20
28.68,-94.992,8.71,338,6402,19
16.56,-90.07,8.66,3441,7662,19
29.731,-101.299,8.6,69,4787,19
26.934,-108.66,8.56,785,2903,19
8.929,-109.972,8.48,5394,2567,19
17.63,-92.171,8.42,3167,7124,19
28.16,-116.007,8.4,471,1022,19
28.151,-91.777,8.37,473,7225,19
22.127,-114.87,8.32,2015,1313,18
22.189,-100.15,8.31,2000,5082,18
14.617,-119.567,8.28,3938,111,18
26.455,-97.471,8.23,908,5767,18
26.27,-91.503,8.15,955,7295,18
26.262,-105.698,8.03,957,3661,18
16.443,-118.791,8.02,3471,310,18
29.58,-106.65,7.95,108,3418,18
22.146,-97.649,7.93,2011,5722,18
26.274,-115.418,7.84,954,1173,17
18.601,-110.511,7.75,2918,2429,17
27.454,-92.607,7.67,652,7013,17
15.829,-92.203,7.66,3628,7116,17
15.633,-118.862,7.56,3678,291,17
6.53,-90.973,7.5,6008,7431,17
25.392,-90.032,7.48,1180,7672,17
26.197,-118.934,7.29,974,273,16
23.341,-112.908,7.28,1705,1816,16
19.622,-109.689,7.24,2657,2640,16
1.492,-90.146,7.17,7298,7643,16
21.805,-103.249,7.16,2098,4288,16
19.918,-114.877,7.01,2581,1311,16
25.037,-90.405,7.0,1271,7576,16
25.088,-100.219,6.99,1257,5064,16
26.252,-119.049,6.9,959,243,15
20.012,-113.315,6.79,2557,1711,15
25.971,-98.51,6.7,1031,5501,15
14.229,-90.461,6.64,4037,7562,15
29.57,-113.76,6.61,110,1597,15
4.561,-112.313,6.58,6512,1968,15
19.737,-112.667,6.58,2627,1877,15
29.259,-113.984,6.57,190,1540,15
23.726,-97.354,6.56,1606,5797,15
18.386,-90.396,6.47,2973,7579,14
24.927,-91.553,6.44,1299,7282,14
9.416,-102.332,6.41,5270,4523,14
28.833,-90.776,6.35,299,7481,14
27.266,-98.262,6.23,700,5565,14
20.595,-114.802,6.16,2408,1331,14
16.607,-114.959,6.12,3429,1290,14
17.121,-118.592,6.07,3297,360,14
26.741,-108.676,5.86,834,2899,13
24.003,-109.267,5.85,1535,2748,13
22.926,-114.435,5.8,1811,1425,13
21.668,-119.898,5.79,2133,26,13
20.08,-115.432,5.77,2540,1169,13
26.101,-115.916,5.64,998,1046,13
14.811,-103.698,5.55,3888,4173,12
26.42,-92.153,5.55,916,7129,12
24.232,-91.591,5.54,1477,7273,12
23.475,-117.377,5.53,1670,671,12
25.75,-91.897,5.52,1088,7194,12
13.881,-103.755,5.52,4126,4159,12
24.104,-110.742,5.52,1509,2370,12
26.251,-101.35,5.49,960,4774,12
21.086,-119.428,5.48,2282,146,12
9.724,-119.954,5.44,5191,12,12
18.973,-104.292,5.4,2823,4021,12
6.351,-93.147,5.36,6054,6874,12
2.352,-93.442,5.35,7078,6799,12
29.571,-96.49,5.34,110,6019,12
23.202,-119.362,5.3,1740,163,12
29.89,-101.728,5.28,28,4678,12
26.481,-113.87,5.27,901,1569,12
15.085,-105.785,5.27,3818,3639,12
17.942,-113.989,5.25,3087,1539,12
16.686,-119.108,5.24,3408,228,12
19.649,-114.122,5.23,2650,1505,12
1.041,-95.158,5.21,7414,6360,12
24.558,-97.08,5.21,1393,5868,12
17.994,-95.127,5.21,3074,6367,12
28.551,-98.455,5.2,371,5516,12
28.242,-119.282,5.18,450,184,12
19.754,-109.7,5.15,2623,2637,12
4.074,-93.228,5.13,6637,6854,12
27.441,-119.794,5.1,655,53,12
1.074,-102.666,5.04,7405,4438,11
17.4,-114.117,5.04,3226,1506,11
5.588,-90.956,5.04,6249,7435,11
7.855,-106.747,4.99,5669,3393,11
20.39,-112.001,4.99,2460,2048,11
8.251,-119.496,4.96,5568,129,11
17.345,-92.701,4.91,3240,6989,11
10.67,-119.247,4.77,4948,193,11
23.738,-100.034,4.76,1603,5111,11
16.75,-100.967,4.74,3392,4872,11
27.477,-97.634,4.74,646,5726,11
20.694,-90.346,4.74,2382,7591,11
21.176,-91.606,4.71,2259,7269,11
24.186,-112.13,4.7,1488,2015,11
26.038,-98.436,4.69,1014,5520,11
21.944,-99.418,4.68,2062,5269,11
21.12,-94.476,4.66,2273,6534,11
23.069,-115.891,4.65,1774,1052,11
7.934,-109.954,4.64,5649,2572,11
20.74,-110.372,4.63,2371,2465,10
19.402,-117.217,4.61,2713,712,10
29.484,-113.598,4.58,132,1639,10
19.419,-119.742,4.57,2709,66,10
15.136,-117.39,4.57,3805,668,10
22.639,-118.646,4.54,1884,347,10
24.998,-102.508,4.52,1281,4478,10
27.996,-96.539,4.52,513,6006,10
10.665,-113.942,4.5,4950,1551,10
26.102,-109.23,4.48,998,2757,10
23.412,-91.332,4.39,1687,7339,10
26.221,-96.256,4.39,967,6078,10
18.779,-93.104,4.37,2873,6885,10
27.732,-100.693,4.33,581,4943,10
1.328,-90.263,4.33,7340,7613,10
16.323,-91.536,4.3,3501,7287,10
29.121,-91.555,4.3,225,7282,10
15.83,-117.527,4.29,3628,633,10
21.079,-94.609,4.28,2284,6500,10
20.732,-111.617,4.26,2373,2146,10
26.157,-101.289,4.25,984,4790,10
14.439,-119.899,4.25,3984,26,10
7.942,-93.053,4.21,5647,6898,10
27.776,-93.507,4.21,569,6782,10
3.59,-119.075,4.17,6761,237,10
3.328,-94.199,4.16,6828,6605,9
0.302,-113.635,4.16,7603,1629,9
16.605,-103.3,4.16,3429,4275,9
27.984,-106.179,4.15,516,3538,9
23.713,-94.225,4.15,1609,6598,9
7.844,-92.712,4.14,5672,6986,9
19.263,-119.937,4.14,2749,16,9
6.459,-91.434,4.12,6026,7313,9
25.112,-109.116,4.11,1251,2786,9
4.014,-115.624,4.1,6652,1120,9
27.777,-107.51,4.09,569,3197,9
19.844,-96.943,4.07,2600,5903,9
21.02,-107.705,4.07,2299,3148,9
24.519,-109.851,4.05,1403,2598,9
21.603,-104.667,4.05,2150,3925,9
22.387,-107.762,4.03,1949,3133,9
25.226,-104.784,4.03,1222,3895,9
8.775,-107.873,4.01,5434,3105,9
20.181,-114.777,4.01,2514,1337,9
27.969,-101.907,3.99,520,4632,9
17.385,-91.891,3.98,3229,7196,9
26.203,-101.297,3.98,972,4788,9
7.111,-92.648,3.96,5860,7002,9
29.321,-102.214,3.96,174,4553,9
17.967,-92.019,3.95,3080,7163,9
15.078,-91.045,3.94,3820,7412,9
24.17,-97.541,3.89,1492,5750,9
27.514,-115.106,3.86,636,1253,9
12.849,-105.395,3.85,4391,3739,9
29.907,-95.071,3.83,24,6382,9
26.125,-99.895,3.83,992,5147,9
26.266,-106.524,3.82,956,3450,9
18.887,-118.447,3.8,2845,398,9
27.968,-91.818,3.8,520,7215,9
27.303,-95.255,3.78,690,6335,9
26.149,-93.793,3.78,986,6709,9
22.866,-115.087,3.78,1826,1258,9
29.902,-94.846,3.75,25,6439,9
3.882,-102.474,3.73,6686,4487,9
29.922,-92.925,3.73,20,6931,9
29.096,-115.704,3.73,231,1100,9
15.51,-119.759,3.72,3709,62,9
24.812,-99.161,3.72,1328,5335,9
21.233,-96.57,3.71,2244,5998,9
29.585,-100.536,3.67,106,4983,8
28.261,-96.663,3.65,445,5974,8
14.25,-90.259,3.65,4032,7614,8
25.16,-102.409,3.64,1239,4503,8
26.522,-106.314,3.6,890,3504,8
8.069,-93.783,3.59,5614,6712,8
23.479,-93.333,3.58,1669,6827,8
22.488,-90.535,3.57,1923,7543,8
27.643,-106.227,3.57,603,3526,8
22.184,-98.843,3.56,2001,5416,8
22.614,-116.983,3.55,1891,772,8
26.264,-119.507,3.54,956,126,8
24.008,-94.833,3.53,1534,6443,8
17.279,-91.416,3.51,3257,7318,8
27.365,-111.966,3.5,675,2057,8
25.753,-106.908,3.48,1087,3352,8
29.256,-98.007,3.48,190,5630,8
6.631,-100.877,3.47,5982,4895,8
17.96,-117.153,3.46,3082,729,8
27.041,-94.406,3.46,758,6552,8
20.589,-116.17,3.46,2409,980,8
18.209,-113.872,3.45,3018,1569,8
23.284,-107.025,3.44,1719,3322,8
20.238,-118.027,3.44,2499,505,8
2.991,-93.025,3.42,6914,6906,8
23.588,-109.096,3.42,1641,2791,8
5.724,-92.508,3.42,6215,7038,8
29.205,-113.859,3.41,204,1572,8
22.784,-108.848,3.38,1847,2855,8
19.931,-109.539,3.37,2578,2678,8
28.917,-92.479,3.35,277,7045,8
25.838,-108.925,3.35,1065,2835,8
29.904,-115.038,3.33,25,1270,8
23.743,-102.556,3.33,1602,4466,8
23.646,-96.97,3.32,1627,5896,8
4.357,-90.399,3.32,6565,7578,8
2.584,-92.02,3.3,7018,7163,8
25.326,-115.014,3.3,1197,1276,8
3.509,-91.646,3.26,6782,7259,8
28.179,-113.137,3.26,466,1757,8
18.928,-115.008,3.24,2834,1278,7
18.657,-113.682,3.24,2904,1617,7
23.665,-90.454,3.24,1622,7564,7
23.862,-98.388,3.21,1571,5533,7
21.902,-118.912,3.2,2073,279,7
29.139,-99.176,3.2,220,5331,7
27.966,-117.793,3.19,521,565,7
4.615,-116.844,3.19,6499,808,7
25.646,-111.335,3.19,1115,2218,7
13.42,-101.725,3.16,4244,4678,7
29.75,-112.054,3.16,64,2034,7
21.81,-112.816,3.14,2097,1839,7
26.892,-101.236,3.13,796,4804,7
0.775,-91.344,3.12,7482,7336,7
19.208,-103.272,3.12,2763,4282,7
23.607,-106.053,3.12,1637,3570,7
11.267,-93.597,3.1,4796,6759,7
5.607,-93.419,3.08,6245,6805,7
1.939,-109.13,3.06,7184,2783,7
13.287,-105.599,3.05,4279,3687,7
27.565,-119.672,3.05,623,84,7
1.884,-111.067,3.05,7198,2287,7
29.44,-96.725,3.05,143,5958,7
5.905,-111.762,3.04,6168,2109,7
16.43,-118.704,3.04,3474,332,7
27.08,-101.189,3.02,748,4816,7
20.494,-91.42,3.02,2434,7316,7
15.793,-114.091,3.02,3637,1513,7
0.623,-101.002,3.02,7521,4863,7
27.682,-91.542,3.01,593,7285,7
19.382,-112.03,3.0,2718,2040,7
2.256,-92.552,2.99,7102,7027,7
25.845,-102.413,2.99,1064,4502,7
23.717,-100.964,2.98,1608,4873,7
29.277,-91.755,2.98,185,7231,7
24.657,-106.606,2.97,1368,3429,7
8.58,-119.973,2.97,5484,7,7
7.108,-113.048,2.96,5860,1780,7
18.742,-111.042,2.95,2882,2293,7
28.225,-90.078,2.94,454,7660,7
17.133,-117.555,2.94,3294,626,7
16.599,-116.28,2.94,3431,952,7
13.92,-118.091,2.94,4116,489,7
19.429,-108.302,2.93,2706,2995,7
24.242,-101.731,2.93,1474,4677,7
27.945,-99.431,2.92,526,5266,7
18.857,-92.626,2.92,2853,7008,7
29.596,-90.173,2.91,103,7636,7
27.278,-91.277,2.91,697,7353,7
29.567,-109.727,2.91,111,2630,7
12.396,-112.744,2.91,4507,1858,7
25.936,-115.386,2.91,1040,1181,7
12.64,-104.184,2.9,4444,4049,7
29.571,-92.353,2.9,110,7078,7
29.554,-94.956,2.9,114,6411,7
29.388,-92.919,2.9,157,6933,7
26.567,-102.686,2.9,879,4432,7
25.283,-103.769,2.89,1208,4155,7
13.936,-118.136,2.88,4112,477,7
19.654,-99.087,2.88,2649,5354,7
27.89,-116.475,2.87,540,902,7
18.377,-116.919,2.86,2975,789,7
8.221,-99.15,2.85,5575,5338,7
20.035,-109.604,2.84,2551,2661,7
26.755,-92.878,2.84,831,6943,7
21.764,-106.671,2.84,2108,3412,7
24.762,-106.822,2.83,1341,3374,7
6.863,-91.543,2.83,5923,7285,7
29.156,-96.246,2.83,216,6081,7
5.691,-93.049,2.83,6223,6899,7
10.753,-102.381,2.82,4927,4510,7
1.719,-93.75,2.82,7240,6720,7
23.21,-119.227,2.81,1738,198,7
28.175,-97.423,2.81,467,5780,7
27.271,-106.771,2.81,699,3387,7
14.577,-102.816,2.8,3948,4399,7
8.795,-116.282,2.8,5428,952,7
29.048,-108.779,2.79,244,2873,7
23.699,-92.858,2.77,1613,6948,6
24.776,-106.892,2.77,1337,3356,6
13.873,-90.819,2.77,4129,7470,6
25.939,-93.156,2.77,1040,6872,6
29.186,-118.463,2.75,208,393,6
20.23,-111.313,2.75,2501,2224,6
13.038,-91.216,2.75,4342,7369,6
10.25,-119.304,2.73,5056,178,6
3.897,-91.626,2.73,6682,7264,6
20.335,-115.078,2.72,2474,1260,6
5.252,-110.904,2.72,6335,2329,6
1.673,-118.287,2.71,7252,439,6
16.092,-113.901,2.69,3560,1561,6
25.607,-104.076,2.69,1125,4077,6
13.543,-104.586,2.69,4213,3946,6
19.681,-90.405,2.68,2642,7576,6
21.348,-111.061,2.68,2215,2288,6
4.387,-92.435,2.67,6557,7057,6
24.682,-97.285,2.67,1361,5815,6
18.356,-113.685,2.66,2981,1617,6
22.007,-96.997,2.66,2046,5889,6
26.333,-119.73,2.66,939,69,6
7.495,-119.88,2.66,5761,31,6
4.062,-114.557,2.65,6640,1393,6
16.02,-90.743,2.65,3579,7490,6
24.43,-101.596,2.64,1426,4711,6
3.803,-93.353,2.63,6706,6822,6
29.742,-108.332,2.63,66,2987,6
22.696,-116.197,2.63,1870,974,6
24.369,-104.911,2.63,1442,3863,6
21.076,-113.517,2.62,2285,1660,6
25.842,-111.601,2.62,1064,2150,6
22.389,-94.527,2.62,1948,6521,6
28.91,-102.579,2.61,279,4460,6
23.199,-116.854,2.61,1741,805,6
28.963,-114.118,2.6,265,1506,6
12.973,-111.366,2.6,4359,2210,6
21.192,-114.843,2.6,2255,1320,6
14.783,-114.523,2.6,3896,1402,6
22.61,-112.534,2.59,1892,1911,6
25.513,-97.956,2.58,1149,5643,6
19.516,-110.645,2.57,2684,2395,6
26.167,-94.24,2.57,981,6595,6
28.077,-93.598,2.57,492,6759,6
25.302,-115.343,2.56,1203,1192,6
20.618,-116.441,2.56,2402,911,6
26.374,-103.597,2.56,928,4199,6
14.231,-114.951,2.56,4037,1293,6
19.426,-112.191,2.55,2707,1999,6
20.418,-111.759,2.55,2453,2110,6
22.639,-100.972,2.54,1884,4871,6
0.838,-116.381,2.54,7465,926,6
26.393,-90.019,2.54,923,7675,6
21.435,-114.617,2.54,2193,1378,6
25.647,-97.97,2.54,1114,5640,6
27.7,-91.024,2.53,589,7418,6
23.06,-113.312,2.53,1777,1712,6
26.769,-93.513,2.53,827,6781,6
13.234,-98.386,2.53,4292,5533,6
25.237,-96.917,2.52,1219,5909,6
15.069,-118.025,2.52,3822,506,6
19.728,-90.076,2.51,2630,7661,6
29.169,-93.598,2.5,213,6759,6
26.393,-108.662,2.5,923,2903,6
18.224,-93.168,2.5,3015,6869,6
4.114,-92.201,2.5,6627,7117,6
27.583,-106.656,2.5,619,3416,6
23.596,-91.206,2.49,1639,7371,6
23.847,-97.696,2.49,1575,5710,6
24.56,-102.518,2.49,1393,4475,6
3.828,-93.209,2.49,6700,6858,6
6.914,-107.835,2.48,5910,3114,6
10.086,-116.2,2.48,5098,973,6
18.392,-114.241,2.48,2972,1474,6
5.284,-119.144,2.48,6327,219,6
20.237,-111.542,2.46,2499,2165,6
24.064,-112.891,2.46,1520,1820,6
20.359,-116.438,2.46,2468,912,6
3.757,-92.186,2.45,6718,7120,6
23.934,-103.076,2.45,1553,4333,6
11.187,-97.581,2.44,4816,5739,6
22.075,-115.035,2.43,2029,1271,6
20.498,-116.47,2.43,2433,904,6
20.024,-118.794,2.43,2554,309,6
19.68,-93.242,2.43,2642,6850,6
27.863,-106.912,2.43,547,3351,6
0.591,-110.697,2.42,7529,2382,6
17.742,-119.849,2.42,3138,39,6
19.022,-95.278,2.42,2810,6329,6
21.873,-94.244,2.42,2081,6594,6
27.3,-118.072,2.41,691,494,6
28.539,-107.996,2.41,374,3073,6
26.005,-95.884,2.4,1023,6174,6
27.635,-112.139,2.4,605,2012,6
23.717,-91.741,2.4,1608,7234,6
13.106,-104.349,2.4,4325,4007,6
27.037,-107.63,2.4,759,3167,6
12.248,-90.071,2.4,4545,7662,6
13.229,-91.809,2.39,4293,7217,6
19.536,-111.288,2.39,2679,2230,6
22.11,-98.881,2.39,2020,5406,6
21.413,-91.229,2.38,2198,7365,6
27.999,-92.203,2.38,512,7116,6
20.146,-109.557,2.38,2523,2673,6
19.045,-90.515,2.37,2804,7548,6
24.46,-99.379,2.36,1418,5279,6
6.545,-92.804,2.36,6004,6962,6
13.056,-104.186,2.36,4338,4048,6
29.067,-108.846,2.34,239,2855,6
25.044,-101.827,2.34,1269,4652,6
4.1,-104.198,2.34,6630,4045,6
20.717,-94.56,2.34,2376,6513,6
25.726,-117.391,2.33,1094,668,6
22.065,-110.666,2.33,2031,2390,6
16.226,-119.792,2.32,3526,53,6
27.496,-118.624,2.32,641,352,6
22.343,-111.485,2.32,1960,2180,6
23.464,-117.277,2.31,1673,697,5
29.715,-92.305,2.31,73,7090,5
14.894,-118.916,2.31,3867,278,5
22.855,-107.16,2.31,1829,3287,5
19.73,-110.738,2.31,2629,2371,5
24.014,-117.001,2.3,1532,768,5
17.799,-93.882,2.3,3123,6686,5
20.873,-98.874,2.3,2337,5408,5
23.585,-105.837,2.3,1642,3626,5
5.91,-90.627,2.29,6167,7519,5
24.069,-90.172,2.29,1518,7636,5
25.758,-103.147,2.28,1086,4314,5
25.099,-103.923,2.27,1255,4116,5
26.126,-93.136,2.27,992,6877,5
23.459,-96.601,2.26,1674,5990,5
17.615,-102.457,2.26,3171,4491,5
22.45,-114.122,2.25,1933,1505,5
3.482,-90.363,2.25,6789,7587,5
2.113,-111.586,2.25,7139,2154,5
21.237,-98.638,2.25,2243,5469,5
22.782,-99.08,2.25,1848,5356,5
13.044,-103.758,2.25,4341,4158,5
29.596,-101.367,2.25,103,4770,5
26.124,-97.399,2.25,992,5786,5
29.246,-95.04,2.25,193,6390,5
23.932,-104.837,2.25,1553,3882,5
24.35,-112.668,2.24,1446,1877,5
23.444,-106.839,2.24,1678,3369,5
0.596,-93.078,2.24,7527,6892,5
0.064,-90.677,2.23,7664,7507,5
7.22,-116.829,2.23,5832,812,5
29.881,-111.111,2.23,30,2276,5
19.684,-113.277,2.23,2641,1721,5
26.48,-93.255,2.22,901,6847,5
17.03,-119.159,2.22,3320,215,5
23.162,-97.982,2.22,1751,5637,5
24.74,-113.965,2.22,1347,1545,5
25.975,-90.916,2.22,1030,7446,5
22.164,-94.716,2.21,2006,6473,5
23.543,-93.251,2.21,1653,6848,5
28.118,-92.922,2.21,482,6932,5
6.865,-119.548,2.21,5923,116,5
17.043,-114.587,2.21,3317,1386,5
18.457,-117.672,2.2,2955,596,5
12.803,-105.363,2.2,4402,3747,5
26.636,-112.575,2.2,861,1901,5
17.17,-118.141,2.19,3284,476,5
23.864,-96.116,2.19,1571,6114,5
23.872,-93.136,2.19,1569,6877,5
11.198,-97.593,2.19,4813,5736,5
25.092,-90.796,2.19,1256,7476,5
22.11,-96.92,2.19,2020,5908,5
25.521,-119.869,2.19,1147,34,5
25.725,-90.005,2.19,1094,7679,5
24.083,-99.342,2.19,1515,5288,5
18.365,-119.571,2.18,2979,110,5
27.686,-97.179,2.18,592,5842,5
28.274,-91.741,2.18,442,7234,5
21.064,-118.58,2.18,2288,364,5
25.014,-111.88,2.17,1276,2079,5
27.794,-113.0,2.17,565,1792,5
14.622,-105.021,2.16,3937,3835,5
29.842,-95.707,2.16,40,6219,5
3.401,-113.736,2.16,6809,1604,5
9.334,-106.64,2.15,5290,3420,5
23.81,-109.33,2.15,1585,2732,5
23.625,-96.609,2.15,1632,5988,5
6.544,-90.809,2.15,6005,7473,5
18.852,-95.044,2.14,2854,6389,5
13.118,-105.933,2.14,4322,3601,5
10.539,-114.754,2.14,4982,1343,5
25.97,-93.856,2.14,1032,6693,5
24.936,-90.34,2.14,1296,7593,5
25.952,-107.66,2.13,1036,3159,5
18.677,-114.273,2.13,2899,1466,5
18.052,-114.534,2.12,3059,1399,5
18.448,-111.188,2.12,2957,2256,5
23.228,-92.242,2.12,1734,7106,5
9.972,-91.44,2.11,5127,7311,5
21.92,-119.314,2.11,2068,176,5
20.153,-91.724,2.11,2521,7239,5
18.278,-92.933,2.1,3001,6929,5
25.246,-90.666,2.1,1217,7510,5
29.036,-91.863,2.1,247,7203,5
18.292,-102.845,2.09,2997,4392,5
22.563,-109.694,2.09,1904,2638,5
19.377,-111.489,2.09,2719,2179,5
2.977,-90.193,2.09,6918,7631,5
28.042,-93.642,2.09,501,6748,5
27.464,-107.049,2.08,649,3315,5
19.579,-92.291,2.08,2668,7094,5
29.474,-95.959,2.08,135,6154,5
27.389,-119.789,2.07,668,54,5
12.719,-90.904,2.07,4424,7449,5
11.322,-107.233,2.07,4782,3268,5
12.742,-106.939,2.07,4418,3344,5
21.171,-97.317,2.06,2260,5807,5
25.69,-95.878,2.06,1103,6175,5
22.253,-92.474,2.06,1983,7047,5
23.209,-98.391,2.06,1738,5532,5
17.569,-92.681,2.05,3182,6994,5
29.74,-113.498,2.05,67,1665,5
21.286,-91.258,2.04,2231,7358,5
23.384,-111.596,2.04,1694,2151,5
25.178,-96.191,2.04,1234,6095,5
12.638,-106.859,2.03,4445,3364,5
24.744,-108.635,2.03,1346,2909,5
29.681,-98.143,2.02,82,5595,5
26.883,-91.34,2.02,798,7337,5
12.884,-90.462,2.02,4382,7562,5
9.823,-94.936,2.02,5165,6416,5
13.969,-90.818,2.02,4104,7471,5
29.719,-91.242,2.01,72,7362,5
23.933,-92.759,2.01,1553,6974,5
19.456,-117.403,2.01,2699,665,5
23.325,-100.146,2.01,1709,5083,5
26.772,-118.388,2.01,826,413,5
20.062,-90.959,2.0,2544,7434,5
1.407,-113.316,2.0,7320,1711,5
20.802,-110.77,2.0,2355,2363,5
18.51,-93.555,2.0,2941,6770,5
22.639,-98.091,2.0,1884,5609,5
2.8,-112.185,2.0,6963,2001,5
25.736,-98.843,1.99,1092,5416,5
29.176,-112.139,1.99,211,2012,5
27.264,-106.541,1.98,700,3446,5
16.79,-116.923,1.98,3382,788,5
25.59,-118.445,1.98,1129,398,5
18.089,-119.385,1.98,3049,157,5
5.113,-118.783,1.98,6371,312,5
2.567,-92.783,1.98,7023,6968,5
1.559,-113.233,1.98,7281,1732,5
29.384,-119.973,1.97,158,7,5
5.154,-90.107,1.97,6361,7653,5
25.772,-118.096,1.96,1082,487,5
20.497,-110.078,1.96,2433,2540,5
7.038,-113.511,1.96,5878,1661,5
28.095,-95.956,1.96,488,6155,5
29.764,-116.93,1.96,60,786,5
20.789,-116.284,1.96,2358,951,5
6.528,-91.374,1.95,6009,7328,5
23.117,-90.651,1.95,1762,7513,5
3.614,-91.882,1.95,6755,7198,5
28.488,-113.823,1.94,387,1581,5
6.067,-111.573,1.94,6127,2157,5
27.269,-115.337,1.93,699,1194,5
8.069,-119.741,1.93,5614,66,5
27.828,-91.043,1.93,556,7413,5
16.8,-90.587,1.93,3379,7530,5
26.524,-117.674,1.93,890,595,5
20.178,-96.654,1.93,2514,5977,5
22.636,-117.175,1.92,1885,723,5
29.88,-118.311,1.92,31,432,5
21.171,-115.189,1.92,2260,1232,5
26.382,-100.907,1.91,926,4888,5
20.052,-115.408,1.9,2547,1176,5
15.026,-100.664,1.9,3833,4950,5
19.27,-106.396,1.9,2747,3483,5
6.978,-92.877,1.9,5894,6943,5
17.783,-92.456,1.9,3128,7051,5
20.663,-112.982,1.9,2390,1797,5
12.48,-108.815,1.9,4485,2863,5
23.265,-119.177,1.89,1724,211,5
25.296,-93.298,1.89,1204,6836,5
3.52,-113.575,1.89,6779,1645,5
5.902,-119.587,1.89,6169,106,5
21.308,-91.397,1.89,2225,7322,5
9.132,-111.842,1.88,5342,2088,5
12.481,-103.944,1.88,4485,4110,5
23.026,-113.17,1.88,1785,1748,5
25.954,-91.587,1.88,1036,7274,5
22.291,-116.167,1.88,1974,981,5
23.701,-95.748,1.88,1613,6209,5
26.891,-112.288,1.88,796,1974,5
11.881,-96.984,1.88,4638,5892,5
12.598,-104.28,1.88,4455,4024,5
4.837,-114.009,1.88,6442,1534,5
18.852,-94.253,1.87,2854,6591,5
27.422,-106.25,1.87,660,3520,5
13.783,-115.302,1.87,4152,1203,5
22.302,-105.371,1.87,1971,3745,5
7.603,-114.349,1.86,5734,1447,5
9.486,-109.654,1.86,5252,2649,5
18.107,-113.534,1.86,3045,1655,5
22.657,-117.148,1.86,1880,730,5
24.807,-105.136,1.85,1329,3805,4
26.996,-91.456,1.85,769,7307,4
12.916,-90.727,1.85,4374,7494,4
19.182,-117.896,1.84,2769,539,4
25.796,-107.945,1.84,1076,3086,4
18.906,-119.072,1.84,2840,238,4
24.504,-98.15,1.84,1407,5594,4
23.632,-94.638,1.84,1630,6493,4
23.343,-91.171,1.84,1704,7380,4
4.047,-94.116,1.83,6644,6626,4
27.883,-101.406,1.83,542,4760,4
3.947,-93.462,1.83,6670,6794,4
20.451,-109.093,1.83,2445,2792,4
24.473,-103.294,1.83,1415,4277,4
23.848,-107.871,1.83,1575,3105,4
13.498,-90.393,1.83,4225,7579,4
23.836,-96.49,1.83,1578,6019,4
19.907,-118.39,1.83,2584,412,4
25.634,-94.769,1.82,1118,6459,4
2.98,-99.045,1.82,6917,5364,4
28.947,-97.896,1.82,270,5659,4
26.047,-104.007,1.82,1012,4094,4
26.925,-118.109,1.82,787,484,4
29.935,-96.658,1.82,17,5976,4
29.887,-95.907,1.82,29,6168,4
4.2,-110.583,1.81,6605,2411,4
28.606,-110.714,1.81,357,2377,4
8.56,-110.355,1.81,5489,2469,4
5.477,-118.751,1.81,6278,320,4
18.751,-112.388,1.81,2880,1949,4
18.634,-115.464,1.81,2910,1161,4
17.287,-116.723,1.81,3255,839,4
19.387,-119.587,1.81,2717,106,4
6.085,-106.524,1.81,6122,3450,4
27.771,-95.053,1.8,571,6386,4
11.749,-107.86,1.8,4672,3108,4
23.88,-96.431,1.8,1567,6034,4
25.779,-91.771,1.8,1081,7227,4
27.591,-97.583,1.8,617,5739,4
15.873,-107.444,1.8,3617,3214,4
18.51,-115.172,1.8,2941,1236,4
4.062,-110.555,1.8,6640,2418,4
26.883,-104.096,1.8,798,4071,4
25.809,-90.883,1.79,1073,7454,4
26.122,-111.577,1.79,993,2156,4
27.35,-108.381,1.79,678,2974,4
3.741,-93.326,1.79,6722,6829,4
26.849,-92.648,1.79,807,7002,4
7.588,-116.474,1.79,5737,903,4
21.471,-116.051,1.79,2183,1011,4
15.13,-115.467,1.78,3807,1160,4
21.811,-106.7,1.78,2096,3405,4
24.286,-113.87,1.78,1463,1569,4
13.587,-103.971,1.78,4202,4103,4
13.116,-104.485,1.78,4322,3972,4
19.143,-106.141,1.78,2779,3548,4
20.242,-98.217,1.77,2498,5576,4
21.954,-106.719,1.77,2060,3400,4
19.407,-109.113,1.77,2712,2787,4
13.875,-102.837,1.77,4128,4394,4
16.703,-99.862,1.77,3404,5155,4
3.005,-93.52,1.77,6911,6779,4
25.257,-107.313,1.76,1214,3248,4
23.002,-97.03,1.76,1791,5880,4
2.297,-108.395,1.76,7092,2971,4
2.217,-92.575,1.76,7112,7021,4
26.174,-101.236,1.76,979,4804,4
10.332,-107.112,1.76,5035,3299,4
22.043,-90.61,1.75,2037,7524,4
22.898,-96.759,1.75,1818,5950,4
26.015,-92.273,1.75,1020,7098,4
24.182,-114.344,1.75,1489,1448,4
3.075,-93.352,1.75,6893,6822,4
7.573,-93.041,1.75,5741,6902,4
20.912,-116.466,1.74,2327,905,4
5.79,-109.808,1.74,6198,2609,4
29.893,-91.002,1.74,27,7423,4
8.532,-103.543,1.74,5496,4213,4
28.508,-93.407,1.74,382,6808,4
27.463,-98.277,1.74,649,5561,4
27.262,-111.434,1.73,701,2193,4
12.982,-98.023,1.73,4357,5626,4
22.223,-95.419,1.73,1991,6293,4
20.782,-90.548,1.73,2360,7540,4
15.804,-93.052,1.73,3634,6899,4
29.221,-118.466,1.73,199,393,4
19.245,-92.111,1.73,2753,7140,4
2.867,-110.465,1.73,6946,2441,4
9.729,-112.161,1.72,5189,2007,4
29.151,-91.084,1.72,217,7402,4
24.683,-98.517,1.72,1361,5500,4
14.437,-97.455,1.72,3984,5772,4
25.564,-94.905,1.72,1136,6424,4
21.002,-114.538,1.72,2303,1398,4
25.894,-107.143,1.72,1051,3291,4
26.393,-92.074,1.72,923,7149,4
24.944,-90.363,1.71,1294,7587,4
2.259,-92.898,1.71,7102,6938,4
19.228,-93.731,1.71,2758,6725,4
26.579,-109.058,1.71,876,2801,4
0.848,-113.822,1.71,7463,1582,4
10.166,-103.796,1.71,5078,4148,4
17.329,-92.064,1.71,3244,7152,4
18.953,-97.999,1.71,2828,5632,4
20.721,-115.008,1.71,2375,1278,4
29.371,-110.199,1.71,161,2509,4
29.555,-109.946,1.7,114,2574,4
12.892,-103.938,1.7,4380,4112,4
15.72,-117.87,1.7,3656,545,4
4.041,-90.58,1.7,6646,7532,4
25.288,-100.31,1.7,1206,5041,4
21.483,-108.872,1.7,2180,2849,4
21.837,-114.648,1.7,2090,1370,4
26.012,-107.761,1.7,1021,3133,4
12.154,-114.126,1.7,4569,1504,4
29.141,-93.37,1.69,220,6817,4
27.614,-114.415,1.69,611,1430,4
0.696,-113.393,1.69,7502,1691,4
19.035,-110.776,1.69,2807,2361,4
28.886,-108.06,1.68,285,3057,4
21.221,-94.524,1.68,2247,6522,4
21.39,-119.939,1.68,2204,16,4
29.981,-118.476,1.68,5,390,4
20.966,-116.207,1.68,2313,971,4
8.0,-118.652,1.68,5632,345,4
17.038,-91.176,1.68,3318,7379,4
28.684,-97.38,1.68,337,5791,4
27.32,-112.721,1.67,686,1863,4
21.066,-119.473,1.67,2287,135,4
26.049,-112.728,1.67,1011,1862,4
16.724,-99.845,1.67,3399,5160,4
8.668,-119.915,1.67,5461,22,4
16.256,-116.888,1.67,3518,797,4
23.102,-117.648,1.67,1766,602,4
25.894,-97.54,1.67,1051,5750,4
21.131,-92.62,1.66,2270,7009,4
21.972,-114.053,1.66,2055,1522,4
3.907,-91.078,1.66,6680,7404,4
26.01,-106.522,1.66,1021,3450,4
28.862,-101.632,1.66,291,4702,4
26.596,-90.772,1.66,871,7482,4
22.117,-90.992,1.66,2018,7426,4
22.563,-93.979,1.66,1904,6661,4
27.005,-96.395,1.66,767,6043,4
22.668,-91.594,1.66,1877,7272,4
8.218,-93.491,1.65,5576,6786,4
21.449,-118.644,1.65,2189,347,4
26.64,-92.884,1.65,860,6942,4
27.751,-96.345,1.65,576,6056,4
22.655,-113.442,1.65,1880,1679,4
21.922,-90.748,1.65,2068,7489,4
29.608,-93.678,1.65,100,6738,4
22.367,-117.558,1.65,1954,625,4
13.35,-114.751,1.64,4262,1344,4
21.44,-115.783,1.64,2191,1080,4
21.343,-110.978,1.64,2216,2310,4
7.646,-111.896,1.64,5723,2075,4
13.766,-90.48,1.64,4156,7557,4
14.136,-90.747,1.64,4061,7489,4
12.374,-90.707,1.64,4512,7499,4
27.523,-95.443,1.64,634,6287,4
22.626,-92.797,1.64,1888,6964,4
16.59,-119.086,1.63,3433,234,4
14.902,-116.787,1.63,3865,823,4
29.463,-118.314,1.63,137,432,4
6.023,-119.585,1.63,6138,106,4
16.821,-119.607,1.63,3374,101,4
16.186,-112.557,1.63,3536,1905,4
23.419,-102.381,1.62,1685,4510,4
13.527,-97.313,1.62,4217,5808,4
1.342,-91.841,1.62,7336,7209,4
12.355,-106.868,1.62,4517,3362,4
23.811,-106.086,1.62,1584,3562,4
18.917,-118.748,1.62,2837,321,4
14.707,-115.247,1.62,3915,1217,4
24.022,-109.423,1.62,1530,2708,4
27.415,-95.975,1.61,662,6150,4
28.132,-100.443,1.61,478,5007,4
22.908,-101.818,1.61,1816,4655,4
0.527,-92.333,1.61,7545,7083,4
19.063,-115.226,1.61,2800,1222,4
19.328,-109.411,1.61,2732,2711,4
22.914,-96.334,1.61,1814,6058,4
25.512,-90.112,1.61,1149,7651,4
19.21,-112.565,1.61,2762,1903,4
29.758,-100.532,1.61,62,4984,4
25.731,-94.087,1.61,1093,6634,4
25.363,-107.067,1.61,1187,3311,4
29.796,-92.465,1.61,52,7049,4
7.665,-109.478,1.61,5718,2694,4
14.358,-118.98,1.61,4004,261,4
27.192,-95.488,1.6,719,6275,4
9.155,-116.397,1.6,5336,922,4
26.082,-109.14,1.6,1003,2780,4
26.834,-91.673,1.6,810,7252,4
19.501,-93.753,1.6,2688,6719,4
15.165,-119.554,1.6,3798,114,4
7.463,-117.366,1.6,5769,674,4
29.655,-117.082,1.6,88,747,4
15.4,-114.464,1.59,3738,1417,4
16.4,-117.558,1.59,3482,625,4
23.457,-97.125,1.59,1675,5856,4
0.718,-111.412,1.59,7496,2199,4
25.912,-101.66,1.59,1047,4695,4
28.431,-113.968,1.59,402,1544,4
6.298,-118.226,1.59,6068,454,4
13.293,-90.387,1.59,4277,7581,4
27.401,-115.016,1.58,665,1276,4
29.838,-112.769,1.58,41,1851,4
16.399,-118.004,1.58,3482,511,4
9.505,-111.281,1.58,5247,2232,4
4.745,-100.191,1.58,6465,5071,4
21.648,-95.669,1.58,2138,6229,4
24.417,-119.834,1.58,1429,42,4
20.649,-116.938,1.58,2394,784,4
21.393,-109.688,1.58,2203,2640,4
25.524,-97.24,1.58,1146,5827,4
15.094,-102.041,1.58,3816,4598,4
3.61,-93.08,1.58,6756,6892,4
27.401,-117.325,1.58,665,685,4
24.492,-93.46,1.58,1410,6794,4
15.986,-93.304,1.57,3588,6834,4
27.151,-96.692,1.57,729,5967,4
25.557,-96.884,1.57,1137,5918,4
23.098,-117.577,1.57,1767,620,4
21.908,-96.391,1.57,2072,6044,4
21.346,-116.209,1.57,2215,970,4
25.738,-90.786,1.57,1091,7479,4
28.331,-112.124,1.57,427,2016,4
8.723,-119.137,1.57,5447,221,4
21.773,-115.791,1.56,2106,1078,4
7.959,-115.758,1.56,5642,1086,4
29.361,-119.766,1.56,164,60,4
17.551,-112.181,1.56,3187,2002,4
13.835,-91.257,1.56,4138,7358,4
22.63,-92.454,1.56,1887,7052,4
21.553,-92.138,1.56,2162,7133,4
25.536,-101.782,1.56,1143,4664,4
19.842,-115.829,1.56,2600,1068,4
14.153,-91.341,1.56,4057,7337,4
19.992,-115.07,1.56,2562,1262,4
14.329,-102.835,1.55,4012,4394,4
15.491,-119.133,1.55,3714,222,4
12.637,-94.095,1.55,4445,6632,4
1.544,-110.387,1.55,7285,2461,4
3.767,-112.78,1.55,6716,1848,4
27.192,-102.74,1.55,719,4419,4
21.031,-112.468,1.55,2296,1928,4
23.058,-115.081,1.55,1777,1259,4
25.271,-91.79,1.55,1211,7222,4
15.603,-108.104,1.55,3686,3045,4
25.705,-90.346,1.55,1100,7591,4
17.765,-118.932,1.55,3132,273,4
9.477,-118.754,1.54,5254,319,4
25.529,-100.685,1.54,1145,4945,4
13.644,-104.401,1.54,4187,3993,4
8.499,-118.292,1.54,5504,437,4
22.265,-119.643,1.54,1980,91,4
6.987,-118.077,1.54,5891,492,4
8.259,-119.587,1.54,5566,106,4
2.432,-114.012,1.54,7057,1533,4
25.48,-104.292,1.54,1157,4021,4
26.35,-91.77,1.54,934,7227,4
22.283,-115.333,1.54,1976,1195,4
23.85,-118.909,1.53,1574,279,4
24.352,-117.043,1.53,1446,757,4
26.327,-93.156,1.53,940,6872,4
11.618,-106.241,1.53,4706,3522,4
4.207,-93.495,1.53,6603,6785,4
24.789,-94.867,1.53,1334,6434,4
25.732,-95.677,1.53,1093,6227,4
20.02,-102.039,1.53,2555,4598,4
27.225,-94.359,1.53,710,6564,4
16.804,-91.399,1.53,3378,7322,4
7.017,-101.573,1.53,5884,4717,4
21.929,-97.696,1.53,2066,5710,4
27.436,-93.692,1.53,656,6735,4
29.676,-92.061,1.52,83,7152,4
28.28,-96.43,1.52,440,6034,4
2.305,-93.367,1.52,7090,6818,4
25.399,-116.616,1.52,1178,866,4
5.941,-90.299,1.52,6159,7603,4
20.234,-91.658,1.52,2500,7256,4
22.425,-114.939,1.52,1939,1296,4
21.633,-93.723,1.52,2142,6727,4
15.663,-95.935,1.52,3670,6161,4
25.876,-98.497,1.52,1056,5505,4
15.788,-93.105,1.52,3638,6885,4
24.007,-96.305,1.52,1534,6066,4
20.9,-91.257,1.52,2330,7358,4
25.934,-117.767,1.52,1041,572,4
23.32,-90.707,1.52,1710,7499,4
13.198,-102.96,1.51,4301,4362,4
22.454,-119.597,1.51,1932,103,4
0.09,-90.647,1.51,7657,7514,4
23.238,-103.109,1.51,1731,4324,4
16.832,-92.254,1.51,3371,7103,4
5.022,-112.847,1.51,6394,1831,4
22.622,-90.468,1.51,1889,7560,4
20.334,-115.105,1.51,2474,1253,4
3.622,-119.045,1.51,6753,244,4
27.715,-91.536,1.51,585,7287,4
26.557,-118.589,1.51,881,361,4
23.234,-111.986,1.51,1732,2052,4
9.658,-118.187,1.51,5208,464,4
18.642,-113.928,1.5,2908,1554,4
20.2,-117.46,1.5,2509,650,4
22.989,-97.005,1.5,1795,5887,4
9.818,-96.604,1.5,5167,5989,4
18.311,-90.408,1.5,2992,7576,4
25.955,-106.936,1.5,1036,3344,4
28.141,-95.786,1.5,476,6199,4
16.564,-115.245,1.5,3440,1217,4
29.614,-92.436,1.5,99,7056,4
5.626,-92.772,1.5,6240,6970,4
26.948,-94.376,1.5,781,6560,4
19.679,-117.287,1.5,2642,695,4
26.379,-102.325,1.49,927,4525,4
25.104,-104.041,1.49,1253,4086,4
22.955,-101.237,1.49,1804,4803,4
0.081,-101.082,1.49,7659,4843,4
15.706,-107.751,1.49,3659,3136,4
18.568,-92.651,1.49,2927,7001,4
16.902,-117.179,1.49,3353,722,4
23.986,-95.867,1.49,1540,6178,4
16.55,-105.677,1.49,3443,3667,4
3.718,-90.824,1.49,6728,7469,4
23.39,-90.67,1.49,1692,7508,4
19.743,-115.38,1.49,2626,1183,4
22.359,-110.083,1.49,1956,2539,4
2.527,-94.177,1.49,7033,6611,4
25.931,-103.935,1.49,1042,4113,4
25.516,-92.989,1.49,1148,6915,4
26.768,-97.869,1.49,827,5666,4
21.664,-91.781,1.49,2134,7224,4
26.868,-95.159,1.49,802,6359,4
29.589,-96.123,1.49,105,6113,4
12.828,-105.296,1.48,4396,3764,4
23.832,-91.5,1.48,1579,7296,4
22.554,-91.671,1.48,1906,7252,4
9.681,-113.116,1.48,5202,1762,4
5.489,-92.479,1.48,6275,7045,4
22.242,-93.526,1.48,1986,6777,4
16.24,-94.184,1.48,3523,6609,4
2.055,-94.048,1.48,7154,6644,4
22.055,-116.415,1.48,2034,918,4
24.828,-119.663,1.48,1324,86,4
22.43,-114.36,1.48,1938,1444,4
23.928,-93.855,1.48,1554,6693,4
22.673,-90.014,1.48,1876,7676,4
21.961,-97.184,1.47,2058,5841,4
23.036,-118.551,1.47,1783,371,4
23.492,-109.623,1.47,1666,2657,4
24.028,-96.544,1.47,1529,6005,4
26.159,-105.125,1.47,983,3808,4
12.201,-106.978,1.47,4557,3334,4
19.541,-108.097,1.47,2678,3047,4
10.521,-112.078,1.47,4987,2028,4
16.446,-92.282,1.47,3470,7096,4
22.757,-92.365,1.47,1854,7075,4
10.412,-104.474,1.47,5015,3975,4
6.069,-91.732,1.47,6126,7237,4
29.088,-116.971,1.47,233,775,4
7.972,-118.441,1.47,5639,399,4
20.041,-92.855,1.47,2550,6949,4
17.19,-92.584,1.47,3279,7018,4
2.437,-94.623,1.47,7056,6497,4
13.915,-91.221,1.47,4118,7367,4
24.534,-95.111,1.47,1399,6372,4
22.879,-98.667,1.47,1823,5461,4
26.867,-105.823,1.47,802,3629,4
17.816,-91.88,1.47,3119,7199,4
25.547,-96.823,1.46,1140,5933,4
21.962,-93.801,1.46,2058,6707,4
28.222,-119.145,1.46,455,219,4
15.786,-93.123,1.46,3639,6881,4
22.86,-91.685,1.46,1828,7249,4
19.863,-112.668,1.45,2595,1877,4
23.756,-119.041,1.45,1598,246,4
5.216,-90.242,1.45,6345,7618,4
13.714,-90.349,1.45,4169,7591,4
18.252,-111.37,1.45,3007,2209,4
21.317,-91.449,1.45,2223,7309,4
28.408,-116.269,1.45,408,955,4
25.974,-94.226,1.45,1031,6598,4
17.354,-119.592,1.45,3237,104,4
25.963,-98.318,1.45,1033,5551,4
25.426,-115.767,1.45,1171,1084,4
20.681,-103.878,1.45,2386,4127,4
16.699,-118.502,1.45,3405,383,4
21.456,-95.52,1.45,2187,6267,4
27.73,-97.493,1.44,581,5762,4
26.427,-96.386,1.44,915,6045,4
22.104,-90.91,1.44,2021,7447,4
21.672,-90.39,1.44,2132,7580,4
15.795,-93.079,1.44,3636,6892,4
18.585,-99.174,1.44,2922,5331,4
18.989,-118.144,1.44,2819,475,4
24.744,-90.143,1.44,1346,7643,4
22.339,-115.272,1.44,1961,1210,4
24.733,-96.128,1.44,1348,6111,4
12.486,-109.154,1.44,4484,2777,4
24.755,-95.255,1.44,1343,6335,4
14.479,-98.511,1.44,3973,5501,4
23.948,-95.795,1.44,1549,6196,4
0.876,-98.762,1.44,7456,5437,4
22.499,-95.303,1.43,1920,6322,4
22.533,-92.048,1.43,1912,7156,4
27.339,-112.409,1.43,681,1943,4
1.936,-93.672,1.43,7184,6740,4
24.764,-111.428,1.43,1340,2194,4
23.042,-96.593,1.43,1781,5992,4
23.44,-96.38,1.43,1679,6047,4
26.601,-106.756,1.43,870,3390,4
3.62,-98.019,1.43,6753,5627,4
23.291,-90.339,1.43,1718,7593,4
29.999,-105.807,1.43,0,3633,4
29.556,-102.102,1.43,114,4582,4
27.014,-94.158,1.42,764,6616,4
29.765,-107.179,1.42,60,3282,4
23.55,-113.925,1.42,1651,1555,4
21.38,-92.491,1.42,2207,7042,4
20.913,-115.813,1.42,2326,1072,4
24.273,-100.312,1.42,1466,5040,4
5.233,-110.755,1.42,6340,2367,4
6.338,-91.653,1.42,6057,7257,4
19.41,-106.732,1.42,2711,3397,4
20.529,-114.585,1.42,2425,1386,4
22.782,-94.697,1.42,1848,6478,4
15.882,-113.927,1.41,3614,1555,4
26.487,-93.877,1.41,899,6687,4
23.951,-98.964,1.41,1549,5385,4
5.289,-92.743,1.41,6326,6978,4
28.672,-99.83,1.41,340,5164,4
26.863,-97.583,1.41,803,5739,4
15.779,-93.141,1.41,3641,6876,4
29.956,-108.021,1.41,11,3067,4
28.319,-93.223,1.41,430,6855,4
1.362,-98.269,1.41,7331,5563,4
27.499,-100.302,1.41,640,5043,4
23.423,-118.331,1.41,1684,427,4
29.19,-95.946,1.41,207,6158,4
22.247,-96.076,1.41,1985,6125,4
25.304,-101.738,1.41,1202,4675,4
29.418,-113.945,1.41,149,1550,4
29.435,-90.362,1.41,145,7587,4
26.446,-101.199,1.41,910,4813,4
27.657,-105.919,1.41,600,3605,4
8.86,-111.76,1.41,5412,2109,4
20.042,-110.149,1.41,2549,2522,4
15.079,-115.0,1.41,3820,1280,4
22.036,-101.036,1.4,2039,4855,4
21.385,-92.573,1.4,2205,7021,4
16.148,-117.849,1.4,3546,551,4
23.503,-109.607,1.4,1663,2661,4
11.872,-119.516,1.4,4641,124,4
16.738,-90.402,1.4,3395,7577,4
19.009,-91.417,1.4,2814,7317,4
23.23,-113.22,1.4,1733,1736,4
18.62,-90.878,1.4,2913,7455,4
26.457,-91.829,1.4,907,7212,4
28.06,-111.279,1.4,497,2233,4
6.591,-91.148,1.4,5993,7386,4
4.369,-91.788,1.4,6562,7222,4
17.837,-107.88,1.39,3114,3103,4
19.365,-117.059,1.39,2723,753,4
29.529,-103.324,1.39,121,4269,4
1.192,-90.249,1.39,7375,7616,4
14.153,-110.504,1.39,4057,2431,4
21.662,-116.562,1.39,2135,880,4
28.356,-94.42,1.39,421,6548,4
3.748,-107.188,1.39,6721,3280,4
26.12,-97.114,1.39,993,5859,4
14.644,-114.619,1.39,3931,1378,4
9.921,-102.171,1.39,5140,4564,4
27.629,-94.689,1.39,607,6480,4
18.71,-92.131,1.39,2890,7134,4
19.04,-111.367,1.39,2806,2210,4
20.03,-114.977,1.38,2552,1286,3
28.954,-93.335,1.38,268,6826,3
25.051,-100.117,1.38,1267,5090,3
3.908,-91.582,1.38,6680,7275,3
18.896,-109.557,1.38,2843,2673,3
24.062,-90.586,1.38,1520,7530,3
22.804,-90.438,1.38,1842,7568,3
26.917,-98.078,1.38,789,5612,3
26.382,-109.156,1.38,926,2776,3
20.192,-90.272,1.38,2511,7610,3
22.527,-90.262,1.38,1913,7613,3
17.436,-93.098,1.38,3216,6887,3
16.233,-114.93,1.38,3524,1298,3
23.486,-96.797,1.38,1668,5940,3
25.649,-104.091,1.38,1114,4073,3
17.564,-102.179,1.38,3184,4562,3
4.946,-90.118,1.38,6414,7650,3
21.709,-119.42,1.38,2122,148,3
7.222,-91.068,1.38,5831,7407,3
25.416,-105.027,1.38,1174,3833,3
28.962,-101.024,1.38,266,4858,3
25.005,-103.739,1.37,1279,4163,3
27.207,-95.453,1.37,715,6284,3
27.4,-101.364,1.37,666,4771,3
29.945,-113.197,1.37,14,1742,3
25.036,-104.889,1.37,1271,3868,3
0.017,-115.228,1.37,7676,1222,3
29.227,-91.407,1.37,198,7320,3
27.366,-98.071,1.37,674,5614,3
6.73,-93.161,1.37,5957,6871,3
25.445,-119.814,1.37,1166,48,3
22.806,-90.898,1.37,1842,7450,3
18.701,-93.685,1.37,2893,6737,3
24.545,-90.659,1.37,1396,7511,3
20.552,-100.378,1.37,2419,5023,3
20.732,-119.304,1.37,2373,178,3
13.659,-90.8,1.37,4183,7475,3
22.343,-113.982,1.37,1960,1541,3
8.695,-115.88,1.36,5454,1055,3
7.308,-111.882,1.36,5809,2078,3
11.928,-106.407,1.36,4626,3480,3
1.522,-110.678,1.36,7290,2386,3
1.018,-92.788,1.36,7419,6966,3
3.146,-91.417,1.36,6875,7317,3
22.136,-115.642,1.36,2013,1116,3
24.515,-119.438,1.36,1404,144,3
11.132,-99.791,1.36,4830,5174,3
0.005,-101.792,1.36,7679,4661,3
12.429,-90.702,1.36,4498,7500,3
19.894,-118.782,1.36,2587,312,3
23.49,-119.355,1.36,1667,165,3
24.119,-90.847,1.35,1506,7463,3
5.335,-118.12,1.35,6314,481,3
18.927,-113.093,1.35,2835,1768,3
22.558,-91.258,1.35,1905,7358,3
17.577,-118.477,1.35,3180,390,3
25.017,-105.164,1.35,1276,3798,3
28.06,-116.745,1.35,497,833,3
19.525,-118.422,1.35,2682,404,3
26.742,-91.701,1.35,834,7245,3
26.646,-91.028,1.35,859,7417,3
24.211,-108.248,1.35,1482,3009,3
29.974,-107.339,1.35,7,3241,3
8.526,-116.68,1.35,5497,850,3
20.137,-93.426,1.35,2525,6803,3
7.575,-116.099,1.35,5741,999,3
19.469,-116.374,1.35,2696,928,3
29.046,-92.701,1.35,244,6989,3
15.058,-102.837,1.35,3825,4394,3
28.804,-116.349,1.35,306,935,3
8.455,-118.343,1.35,5516,424,3
4.636,-118.644,1.35,6493,347,3
11.855,-107.327,1.35,4645,3244,3
16.753,-99.813,1.35,3391,5168,3
2.588,-91.827,1.35,7017,7212,3
28.035,-115.466,1.35,503,1161,3
1.417,-91.137,1.35,7317,7389,3
25.348,-100.487,1.35,1191,4995,3
25.532,-113.436,1.35,1144,1680,3
26.888,-119.036,1.34,797,247,3
21.875,-93.296,1.34,2080,6836,3
17.282,-115.229,1.34,3256,1221,3
22.356,-96.892,1.34,1957,5916,3
19.781,-113.729,1.34,2616,1605,3
29.773,-95.714,1.34,58,6217,3
18.548,-111.389,1.34,2932,2204,3
22.682,-98.407,1.34,1873,5528,3
23.198,-91.065,1.34,1741,7407,3
8.737,-97.658,1.34,5443,5720,3
7.594,-110.864,1.34,5736,2339,3
27.194,-94.434,1.34,718,6545,3
18.328,-115.271,1.34,2988,1211,3
26.0,-95.974,1.33,1024,6151,3
16.625,-117.473,1.33,3424,647,3
23.19,-109.593,1.33,1743,2664,3
25.794,-90.162,1.33,1077,7639,3
22.457,-98.838,1.33,1931,5417,3
19.083,-109.531,1.33,2795,2680,3
21.997,-92.75,1.33,2049,6976,3
22.784,-114.032,1.33,1847,1528,3
20.31,-95.921,1.33,2481,6164,3
22.95,-91.855,1.33,1805,7205,3
19.13,-109.575,1.33,2783,2669,3
25.102,-94.603,1.32,1254,6502,3
1.484,-113.409,1.32,7300,1687,3
23.368,-91.776,1.32,1698,7225,3
29.208,-100.613,1.32,203,4963,3
25.654,-105.688,1.32,1113,3664,3
0.271,-98.754,1.32,7611,5439,3
25.15,-102.629,1.32,1242,4447,3
24.727,-105.204,1.32,1350,3788,3
27.8,-116.407,1.32,563,920,3
19.593,-117.283,1.32,2664,696,3
17.338,-116.195,1.32,3241,974,3
17.226,-118.57,1.32,3270,366,3
25.107,-92.38,1.32,1253,7071,3
27.794,-113.829,1.32,565,1580,3
6.519,-115.769,1.32,6011,1083,3
9.298,-104.001,1.32,5300,4096,3
23.587,-118.469,1.32,1642,392,3
23.687,-92.878,1.32,1616,6943,3
3.16,-103.204,1.32,6871,4300,3
23.286,-107.744,1.32,1719,3138,3
28.606,-114.321,1.32,357,1454,3
21.712,-91.715,1.32,2122,7241,3
1.646,-111.634,1.32,7259,2142,3
23.311,-114.105,1.32,1712,1509,3
2.051,-104.476,1.32,7155,3974,3
21.604,-110.316,1.31,2149,2479,3
29.181,-90.67,1.31,210,7508,3
24.85,-104.868,1.31,1318,3874,3
12.195,-103.166,1.31,4558,4310,3
2.521,-94.279,1.31,7035,6585,3
18.786,-102.161,1.31,2871,4567,3
26.709,-97.968,1.31,842,5640,3
24.847,-118.82,1.31,1319,302,3
19.129,-119.806,1.31,2783,50,3
19.173,-113.276,1.31,2772,1721,3
29.479,-90.951,1.31,133,7437,3
15.334,-108.878,1.31,3754,2847,3
29.097,-91.377,1.31,231,7327,3
24.891,-102.89,1.31,1308,4380,3
24.437,-118.869,1.31,1424,290,3
26.703,-98.608,1.31,844,5476,3
25.012,-102.027,1.31,1277,4601,3
24.446,-93.401,1.31,1422,6809,3
17.296,-113.853,1.31,3252,1574,3
28.251,-102.097,1.31,448,4583,3
29.737,-114.434,1.31,67,1425,3
9.746,-118.301,1.31,5185,435,3
28.208,-101.825,1.31,459,4653,3
26.208,-94.878,1.31,971,6431,3
22.427,-96.74,1.31,1939,5955,3
23.518,-94.597,1.31,1659,6503,3
26.512,-96.043,1.31,893,6133,3
29.092,-95.533,1.31,232,6264,3
6.25,-90.87,1.3,6080,7457,3
23.54,-102.286,1.3,1654,4535,3
27.163,-100.954,1.3,726,4876,3
22.82,-96.024,1.3,1838,6138,3
19.197,-96.75,1.3,2766,5952,3
21.921,-99.029,1.3,2068,5369,3
24.114,-106.347,1.3,1507,3495,3
26.071,-90.435,1.3,1006,7569,3
26.173,-116.158,1.3,980,984,3
28.117,-95.597,1.3,482,6247,3
25.201,-99.539,1.3,1229,5238,3
20.217,-115.089,1.3,2504,1257,3
22.068,-91.975,1.3,2031,7174,3
26.871,-101.0,1.3,801,4864,3
29.784,-91.683,1.3,55,7249,3
15.292,-101.922,1.3,3765,4628,3
28.08,-97.278,1.3,492,5817,3
19.031,-117.72,1.3,2808,584,3
16.737,-99.832,1.3,3395,5163,3
20.511,-118.522,1.3,2429,378,3
3.205,-115.178,1.3,6860,1234,3
7.074,-111.898,1.3,5869,2074,3
20.499,-108.542,1.29,2432,2933,3
21.904,-90.233,1.29,2073,7620,3
23.66,-112.33,1.29,1623,1964,3
22.9,-109.082,1.29,1818,2795,3
14.228,-115.909,1.29,4038,1047,3
21.064,-90.214,1.29,2288,7625,3
26.83,-94.453,1.29,812,6540,3
21.111,-91.364,1.29,2276,7331,3
27.265,-95.595,1.29,700,6248,3
13.562,-90.303,1.29,4208,7602,3
26.898,-118.851,1.29,794,294,3
25.887,-102.016,1.29,1053,4604,3
23.731,-98.871,1.29,1605,5409,3
4.133,-108.582,1.29,6622,2923,3
23.268,-108.855,1.29,1723,2853,3
22.482,-114.638,1.29,1925,1373,3
13.386,-94.066,1.28,4253,6639,3
27.171,-95.117,1.28,724,6370,3
12.857,-90.75,1.28,4389,7488,3
17.925,-117.131,1.28,3091,734,3
3.437,-92.066,1.28,6800,7151,3
28.642,-90.309,1.28,348,7601,3
22.274,-90.385,1.28,1978,7581,3
28.908,-97.84,1.28,280,5673,3
26.011,-116.069,1.28,1021,1006,3
18.41,-109.705,1.28,2967,2636,3
24.171,-93.934,1.28,1492,6673,3
17.687,-92.695,1.28,3152,6990,3
28.142,-99.356,1.28,476,5285,3
29.654,-94.75,1.28,89,6464,3
26.099,-112.116,1.28,999,2018,3
19.185,-109.437,1.28,2769,2704,3
24.197,-109.548,1.27,1486,2676,3
5.53,-107.883,1.27,6264,3102,3
19.375,-93.345,1.27,2720,6824,3
16.628,-103.271,1.27,3423,4283,3
29.663,-96.045,1.27,86,6132,3
24.961,-101.14,1.27,1290,4828,3
29.309,-113.882,1.27,177,1566,3
22.958,-92.653,1.27,1803,7001,3
18.793,-112.839,1.27,2869,1833,3
2.295,-91.854,1.27,7092,7205,3
29.594,-103.393,1.27,104,4251,3
21.666,-112.271,1.27,2134,1979,3
24.304,-100.972,1.27,1458,4871,3
16.633,-94.005,1.27,3422,6655,3
0.514,-113.907,1.27,7548,1560,3
5.952,-92.341,1.27,6156,7081,3
26.208,-114.565,1.27,971,1391,3
28.076,-119.867,1.27,493,34,3
1.946,-90.653,1.27,7182,7513,3
24.367,-93.826,1.27,1442,6701,3
22.795,-118.05,1.27,1844,499,3
29.482,-101.756,1.27,133,4670,3
27.436,-113.996,1.27,656,1537,3
25.846,-114.109,1.27,1063,1508,3
2.066,-115.321,1.27,7151,1198,3
22.043,-116.369,1.27,2037,930,3
10.089,-109.437,1.27,5097,2704,3
23.263,-98.508,1.27,1725,5502,3
19.903,-108.68,1.27,2585,2898,3
4.187,-92.374,1.27,6608,7072,3
22.138,-100.825,1.27,2013,4909,3
29.723,-118.386,1.26,71,413,3
22.626,-90.44,1.26,1888,7567,3
17.521,-93.171,1.26,3195,6868,3
26.036,-90.823,1.26,1015,7469,3
27.791,-93.04,1.26,566,6902,3
18.95,-97.543,1.26,2829,5749,3
28.749,-91.138,1.26,320,7389,3
22.315,-92.299,1.26,1967,7091,3
27.566,-103.564,1.26,623,4208,3
26.132,-112.888,1.26,990,1821,3
9.175,-105.031,1.26,5331,3832,3
21.959,-119.923,1.26,2058,20,3
26.189,-118.28,1.26,976,440,3
27.421,-97.071,1.26,660,5870,3
17.158,-91.565,1.26,3288,7279,3
12.368,-106.125,1.26,4514,3552,3
9.325,-103.69,1.26,5293,4175,3
18.276,-112.305,1.26,3001,1970,3
25.034,-96.557,1.26,1271,6001,3
23.056,-103.781,1.26,1778,4152,3
22.424,-116.164,1.26,1939,982,3
26.739,-111.599,1.26,835,2151,3
21.226,-98.153,1.26,2246,5593,3
24.511,-93.43,1.26,1405,6802,3
4.292,-91.197,1.25,6581,7374,3
24.867,-101.694,1.25,1314,4686,3
11.608,-119.971,1.25,4708,7,3
28.423,-115.592,1.25,404,1128,3
0.789,-99.879,1.25,7478,5151,3
28.491,-92.696,1.25,386,6990,3
7.939,-100.457,1.25,5648,5003,3
23.84,-119.61,1.25,1577,100,3
25.241,-119.941,1.25,1218,15,3
22.196,-103.44,1.25,1998,4239,3
22.612,-113.932,1.25,1891,1553,3
22.197,-99.357,1.25,1998,5285,3
15.829,-119.843,1.25,3628,40,3
21.666,-91.983,1.25,2134,7172,3
28.729,-118.62,1.25,325,353,3
21.514,-96.79,1.25,2172,5942,3
24.648,-101.946,1.25,1370,4622,3
21.149,-117.727,1.25,2266,582,3
21.24,-93.449,1.25,2243,6797,3
17.37,-111.087,1.25,3233,2282,3
27.751,-116.726,1.25,576,838,3
13.982,-103.881,1.25,4101,4126,3
21.322,-117.019,1.25,2222,763,3
28.523,-118.01,1.25,378,509,3
27.421,-105.463,1.25,660,3721,3
9.764,-98.07,1.25,5180,5614,3
23.304,-90.723,1.25,1714,7495,3
5.215,-117.916,1.25,6345,534,3
22.421,-114.641,1.25,1940,1372,3
26.343,-95.469,1.25,936,6280,3
13.229,-113.85,1.25,4293,1574,3
26.162,-109.907,1.25,983,2584,3
27.314,-98.491,1.24,688,5506,3
22.336,-113.784,1.24,1962,1591,3
1.493,-113.052,1.24,7298,1779,3
29.721,-101.976,1.24,71,4614,3
27.766,-117.311,1.24,572,688,3
26.166,-92.426,1.24,982,7059,3
25.846,-90.275,1.24,1063,7610,3
10.384,-101.017,1.24,5022,4860,3
26.566,-117.928,1.24,879,530,3
25.696,-95.632,1.24,1102,6238,3
24.152,-112.33,1.24,1497,1964,3
26.271,-90.536,1.24,955,7543,3
10.207,-102.442,1.24,5067,4495,3
4.535,-103.54,1.24,6519,4214,3
19.738,-114.98,1.24,2627,1285,3
28.596,-117.752,1.24,359,575,3
21.286,-91.918,1.24,2231,7189,3
27.082,-90.657,1.24,747,7512,3
24.907,-92.611,1.24,1304,7012,3
23.623,-100.278,1.24,1633,5049,3
18.598,-117.19,1.24,2919,719,3
23.298,-95.024,1.24,1716,6394,3
25.058,-90.18,1.23,1265,7634,3
24.425,-96.553,1.23,1427,6002,3
28.292,-95.465,1.23,437,6281,3
21.134,-110.335,1.23,2270,2474,3
25.978,-92.166,1.23,1030,7126,3
23.89,-101.022,1.23,1564,4858,3
20.239,-93.27,1.23,2499,6843,3
6.027,-118.922,1.23,6137,276,3
24.439,-97.975,1.23,1424,5638,3
27.286,-116.257,1.23,695,958,3
18.79,-91.234,1.23,2870,7364,3
21.837,-117.448,1.23,2090,653,3
24.542,-92.788,1.23,1397,6966,3
28.526,-118.734,1.23,377,324,3
27.315,-95.959,1.23,687,6154,3
26.16,-91.186,1.23,983,7376,3
21.225,-109.626,1.23,2246,2656,3
6.113,-110.468,1.23,6115,2440,3
17.068,-106.332,1.23,3311,3499,3
26.532,-91.47,1.23,888,7304,3
27.435,-100.164,1.23,657,5078,3
13.17,-91.312,1.23,4308,7344,3
25.852,-119.932,1.23,1062,17,3
28.77,-116.527,1.23,315,889,3
27.954,-90.605,1.23,524,7525,3
24.596,-95.274,1.23,1383,6330,3
18.403,-95.192,1.23,2969,6351,3
26.321,-96.897,1.23,942,5914,3
19.561,-92.683,1.23,2672,6993,3
16.777,-91.481,1.23,3385,7301,3
19.137,-109.555,1.23,2781,2674,3
6.409,-103.45,1.23,6039,4237,3
27.718,-114.058,1.23,584,1521,3
20.583,-116.888,1.23,2411,797,3
28.287,-117.291,1.23,439,694,3
27.71,-94.104,1.22,586,6629,3
13.653,-110.139,1.22,4185,2524,3
25.784,-119.996,1.22,1079,1,3
29.313,-119.196,1.22,176,206,3
27.805,-116.792,1.22,562,821,3
25.271,-101.362,1.22,1211,4771,3
4.406,-91.348,1.22,6552,7335,3
23.109,-97.09,1.22,1764,5865,3
20.924,-104.811,1.22,2323,3888,3
18.74,-118.386,1.22,2883,413,3
18.25,-91.57,1.22,3008,7278,3
21.312,-113.727,1.22,2224,1606,3
21.621,-113.272,1.22,2145,1722,3
12.654,-100.436,1.22,4441,5008,3
23.079,-114.881,1.22,1772,1310,3
20.165,-111.183,1.22,2518,2257,3
27.451,-118.637,1.22,653,349,3
28.872,-100.935,1.22,289,4881,3
24.643,-102.523,1.22,1371,4474,3
21.41,-105.366,1.22,2199,3746,3
4.66,-92.537,1.22,6487,7031,3
27.91,-116.428,1.22,535,914,3
4.494,-93.846,1.22,6530,6695,3
26.885,-98.619,1.22,797,5474,3
16.809,-92.041,1.22,3377,7158,3
22.787,-91.355,1.22,1847,7333,3
24.348,-118.613,1.22,1447,355,3
13.717,-90.075,1.22,4168,7661,3
15.815,-93.004,1.22,3631,6911,3
23.988,-93.563,1.21,1539,6768,3
0.812,-103.663,1.21,7472,4182,3
11.06,-104.033,1.21,4849,4088,3
29.62,-116.232,1.21,97,965,3
25.209,-92.764,1.21,1226,6972,3
4.381,-92.811,1.21,6558,6960,3
20.659,-93.204,1.21,2391,6860,3
14.547,-116.767,1.21,3956,828,3
24.044,-96.806,1.21,1525,5938,3
25.284,-115.328,1.21,1207,1196,3
24.841,-118.687,1.21,1321,336,3
6.023,-92.31,1.21,6138,7089,3
28.056,-96.825,1.21,498,5933,3
23.283,-98.496,1.21,1720,5505,3
23.643,-103.351,1.21,1627,4262,3
17.436,-93.071,1.21,3216,6894,3
20.149,-110.094,1.21,2522,2536,3
26.498,-90.828,1.21,897,7468,3
25.856,-118.479,1.21,1061,389,3
28.191,-96.617,1.21,463,5986,3
19.342,-110.203,1.21,2728,2508,3
25.782,-90.801,1.21,1080,7475,3
2.813,-112.843,1.21,6960,1832,3
1.163,-114.589,1.2,7382,1385,3
23.08,-119.547,1.2,1772,116,3
25.965,-90.209,1.2,1033,7626,3
22.484,-96.187,1.2,1924,6096,3
29.108,-97.658,1.2,228,5720,3
26.235,-116.085,1.2,964,1002,3
24.131,-90.67,1.2,1502,7508,3
20.153,-119.814,1.2,2521,48,3
27.3,-99.208,1.2,691,5323,3
10.875,-98.643,1.2,4896,5467,3
5.619,-118.305,1.2,6242,434,3
6.839,-91.511,1.2,5929,7293,3
18.998,-119.05,1.2,2817,243,3
24.511,-101.678,1.2,1405,4690,3
21.381,-117.596,1.2,2206,615,3
16.801,-91.989,1.2,3379,7171,3
5.035,-108.577,1.2,6391,2924,3
28.75,-107.986,1.2,320,3076,3
19.061,-97.754,1.2,2800,5695,3
0.026,-91.318,1.2,7673,7343,3
25.907,-90.845,1.2,1048,7464,3
27.034,-91.317,1.2,759,7343,3
28.3,-118.839,1.19,435,297,3
24.315,-93.92,1.19,1455,6676,3
26.405,-96.639,1.19,920,5980,3
20.812,-114.298,1.19,2352,1460,3
2.424,-110.991,1.19,7059,2306,3
14.284,-119.48,1.19,4023,133,3
29.127,-119.54,1.19,223,118,3
23.45,-90.651,1.19,1677,7513,3
21.468,-112.196,1.19,2184,1998,3
8.165,-118.551,1.19,5590,371,3
21.834,-111.804,1.19,2090,2098,3
20.577,-109.56,1.19,2412,2673,3
14.038,-90.876,1.19,4086,7456,3
1.639,-112.854,1.19,7260,1829,3
29.174,-116.437,1.19,211,912,3
23.523,-103.898,1.19,1658,4122,3
4.222,-101.89,1.19,6599,4636,3
18.22,-117.631,1.19,3016,606,3
28.281,-117.909,1.19,440,535,3
26.552,-109.045,1.19,883,2804,3
9.083,-106.419,1.19,5355,3477,3
6.605,-118.603,1.19,5989,358,3
2.258,-94.205,1.19,7102,6604,3
25.568,-98.868,1.19,1135,5410,3
26.809,-97.878,1.19,817,5663,3
25.731,-114.123,1.19,1093,1505,3
17.062,-116.114,1.19,3312,995,3
26.951,-93.301,1.19,781,6835,3
29.547,-117.169,1.19,116,725,3
27.233,-98.566,1.19,708,5487,3
28.114,-99.166,1.19,483,5334,3
7.597,-114.338,1.19,5735,1449,3
29.509,-103.323,1.18,126,4269,3
18.854,-93.035,1.18,2853,6903,3
29.468,-115.751,1.18,136,1088,3
26.928,-114.651,1.18,786,1369,3
15.748,-114.695,1.18,3649,1358,3
26.692,-96.777,1.18,847,5945,3
27.198,-116.131,1.18,717,990,3
26.556,-96.479,1.18,882,6021,3
20.829,-114.018,1.18,2348,1531,3
29.373,-117.627,1.18,161,607,3
25.211,-93.404,1.18,1226,6809,3
26.517,-97.892,1.18,892,5660,3
29.466,-113.705,1.18,137,1612,3
22.478,-93.458,1.18,1926,6795,3
26.553,-97.676,1.18,882,5715,3
24.533,-93.16,1.18,1400,6871,3
28.398,-96.176,1.18,410,6099,3
3.885,-118.552,1.18,6685,371,3
27.297,-117.599,1.18,692,615,3
22.796,-101.246,1.18,1844,4801,3
9.797,-110.502,1.18,5172,2431,3
25.588,-95.86,1.18,1129,6180,3
29.703,-113.368,1.18,76,1698,3
7.659,-106.529,1.18,5719,3449,3
13.69,-105.41,1.18,4175,3735,3
28.318,-95.381,1.18,431,6302,3
29.42,-117.535,1.18,148,631,3
24.205,-91.157,1.18,1484,7384,3
28.517,-114.259,1.18,380,1470,3
28.014,-97.64,1.18,508,5724,3
24.014,-101.475,1.18,1532,4742,3
19.075,-106.65,1.18,2797,3418,3
22.343,-93.259,1.18,1960,6846,3
14.767,-118.459,1.18,3900,394,3
26.279,-103.769,1.18,953,4155,3
17.817,-93.31,1.17,3119,6833,3
16.073,-94.589,1.17,3565,6505,3
21.006,-106.585,1.17,2302,3434,3
20.405,-109.723,1.17,2456,2631,3
22.78,-94.864,1.17,1848,6435,3
26.273,-101.688,1.17,954,4688,3
7.326,-95.916,1.17,5805,6166,3
19.902,-115.213,1.17,2585,1225,3
24.693,-118.207,1.17,1359,459,3
22.69,-99.102,1.17,1871,5350,3
25.548,-94.663,1.17,1140,6486,3
22.542,-93.229,1.17,1909,6853,3
25.535,-109.765,1.17,1143,2620,3
15.959,-105.357,1.17,3594,3749,3
27.308,-95.612,1.17,689,6243,3
21.69,-111.706,1.17,2127,2123,3
28.189,-102.056,1.17,464,4594,3
22.88,-95.338,1.17,1823,6313,3
27.096,-99.192,1.17,743,5327,3
29.91,-114.772,1.17,23,1338,3
13.822,-105.657,1.17,4142,3672,3
22.233,-91.538,1.17,1988,7286,3
8.609,-110.368,1.17,5476,2466,3
3.942,-111.527,1.17,6671,2169,3
18.201,-109.743,1.17,3021,2626,3
22.415,-114.221,1.17,1942,1479,3
20.322,-109.684,1.17,2478,2641,3
25.265,-99.248,1.17,1212,5313,3
26.458,-97.861,1.17,907,5668,3
26.815,-114.503,1.17,815,1407,3
5.005,-92.414,1.17,6399,7062,3
7.725,-117.768,1.17,5702,571,3
25.792,-90.903,1.17,1077,7449,3
26.225,-99.405,1.17,966,5272,3
18.749,-109.146,1.17,2880,2779,3
11.514,-114.813,1.17,4732,1328,3
18.047,-96.691,1.17,3060,5967,3
26.423,-114.345,1.17,916,1448,3
22.729,-94.404,1.17,1861,6553,3
26.404,-98.146,1.17,921,5595,3
14.204,-117.542,1.17,4044,629,3
23.789,-91.803,1.17,1590,7218,3
22.096,-90.858,1.16,2023,7460,3
12.94,-90.251,1.16,4367,7616,3
0.479,-113.579,1.16,7557,1644,3
27.547,-117.7,1.16,628,589,3
17.748,-112.548,1.16,3137,1908,3
20.106,-93.066,1.16,2533,6895,3
26.239,-114.788,1.16,963,1334,3
27.67,-97.91,1.16,596,5655,3
28.204,-94.594,1.16,460,6504,3
29.66,-106.805,1.16,87,3378,3
29.855,-92.241,1.16,37,7106,3
8.36,-117.635,1.16,5540,605,3
15.715,-113.139,1.16,3657,1756,3
13.219,-95.999,1.16,4296,6144,3
13.106,-106.995,1.16,4325,3329,3
3.059,-92.733,1.16,6897,6980,3
24.574,-116.455,1.16,1389,908,3
27.958,-91.092,1.16,523,7400,3
23.179,-91.617,1.16,1746,7266,3
26.634,-96.923,1.16,862,5908,3
4.895,-92.768,1.16,6427,6971,3
22.509,-96.151,1.16,1918,6105,3
19.312,-115.187,1.16,2736,1232,3
10.631,-118.345,1.16,4958,424,3
26.616,-93.599,1.15,866,6759,3
0.999,-114.023,1.15,7424,1530,3
24.354,-100.497,1.15,1445,4993,3
26.339,-118.821,1.15,937,302,3
18.582,-114.35,1.15,2923,1446,3
15.812,-93.024,1.15,3632,6906,3
0.892,-104.136,1.15,7452,4061,3
24.044,-98.014,1.15,1525,5628,3
27.493,-97.479,1.15,642,5765,3
20.128,-91.924,1.15,2527,7187,3
26.61,-114.118,1.15,868,1506,3
2.224,-109.94,1.15,7111,2575,3
6.105,-93.103,1.15,6117,6886,3
25.697,-90.741,1.15,1102,7490,3
6.447,-91.474,1.15,6030,7303,3
22.879,-113.851,1.15,1823,1574,3
29.567,-94.417,1.15,111,6549,3
28.798,-94.994,1.15,308,6402,3
24.71,-107.218,1.15,1354,3272,3
25.28,-116.608,1.15,1208,868,3
24.111,-101.914,1.15,1508,4630,3
21.839,-91.124,1.15,2089,7392,3
29.712,-113.041,1.15,74,1782,3
28.617,-115.393,1.15,354,1179,3
28.205,-97.144,1.15,460,5851,3
27.616,-112.159,1.15,610,2007,3
22.087,-90.09,1.15,2026,7657,3
24.732,-98.34,1.15,1349,5545,3
3.365,-94.757,1.15,6819,6462,3
18.482,-91.013,1.15,2949,7421,3
18.872,-114.817,1.15,2849,1327,3
23.763,-92.655,1.15,1597,7000,3
12.893,-90.266,1.15,4379,7612,3
25.506,-97.675,1.15,1150,5715,3
16.447,-101.069,1.15,3470,4846,3
17.012,-90.673,1.15,3325,7508,3
5.834,-100.813,1.15,6186,4912,3
23.889,-102.153,1.15,1564,4569,3
9.168,-115.47,1.15,5333,1160,3
21.339,-119.753,1.15,2217,63,3
18.604,-92.265,1.15,2917,7100,3
22.322,-95.029,1.15,1966,6393,3
28.102,-97.75,1.15,486,5696,3
26.938,-97.457,1.15,784,5771,3
20.68,-102.619,1.15,2386,4450,3
17.876,-90.685,1.15,3104,7505,3
21.984,-99.32,1.15,2052,5294,3
27.968,-94.294,1.15,520,6581,3
23.14,-110.4,1.15,1756,2458,3
20.691,-114.329,1.14,2383,1452,3
24.884,-98.703,1.14,1310,5452,3
14.185,-90.846,1.14,4049,7463,3
25.989,-94.398,1.14,1027,6554,3
23.973,-100.505,1.14,1543,4991,3
23.771,-93.067,1.14,1595,6895,3
26.268,-99.348,1.14,955,5287,3
12.273,-119.737,1.14,4538,67,3
4.075,-118.977,1.14,6637,262,3
20.126,-105.047,1.14,2528,3828,3
26.612,-106.251,1.14,867,3520,3
3.924,-92.632,1.14,6675,7006,3
21.812,-114.701,1.14,2096,1357,3
25.398,-104.834,1.14,1178,3882,3
21.668,-106.235,1.14,2133,3524,3
2.527,-115.243,1.14,7033,1218,3
4.727,-96.548,1.14,6470,6004,3
23.253,-104.947,1.14,1727,3854,3
20.551,-116.643,1.14,2419,859,3
27.77,-94.588,1.14,571,6505,3
26.994,-116.896,1.14,770,795,3
28.494,-100.444,1.14,386,5006,3
27.398,-98.316,1.14,666,5551,3
24.126,-119.482,1.14,1504,133,3
16.531,-118.495,1.14,3448,385,3
24.771,-101.098,1.14,1339,4839,3
19.73,-115.978,1.14,2629,1030,3
21.778,-111.603,1.13,2105,2150,3
15.857,-112.676,1.13,3621,1875,3
20.916,-90.024,1.13,2326,7674,3
23.347,-91.411,1.13,1703,7319,3
14.111,-110.445,1.13,4068,2446,3
27.268,-117.244,1.13,699,706,3
21.131,-93.189,1.13,2270,6864,3
21.598,-95.885,1.13,2151,6173,3
27.49,-98.864,1.13,643,5411,3
28.213,-101.868,1.13,457,4642,3
26.352,-96.042,1.13,934,6133,3
26.351,-108.807,1.13,934,2865,3
2.883,-92.104,1.13,6942,7141,3
22.148,-104.842,1.13,2010,3880,3
18.713,-102.641,1.13,2889,4444,3
14.791,-98.103,1.13,3894,5606,3
2.398,-117.761,1.13,7066,573,3
28.286,-117.412,1.13,439,663,3
22.56,-113.694,1.13,1905,1614,3
13.6,-90.18,1.13,4198,7634,3
29.69,-109.473,1.13,79,2695,3
23.085,-118.404,1.13,1770,409,3
24.422,-102.069,1.13,1428,4590,3
27.952,-115.929,1.13,524,1042,3
17.021,-91.714,1.13,3323,7241,3
4.775,-92.668,1.13,6458,6997,3
21.139,-103.64,1.13,2268,4188,3
29.383,-98.802,1.13,158,5427,3
22.662,-97.363,1.13,1879,5795,3
26.707,-91.416,1.13,843,7318,3
27.406,-99.261,1.13,664,5309,3
6.595,-91.368,1.13,5992,7330,3
22.758,-101.374,1.13,1854,4768,3
24.741,-98.258,1.13,1346,5566,3
4.048,-93.628,1.13,6644,6751,3
20.704,-106.797,1.13,2380,3380,3
24.492,-100.691,1.12,1410,4943,3
4.75,-96.611,1.12,6464,5988,3
29.527,-109.598,1.12,121,2663,3
19.924,-110.499,1.12,2579,2432,3
26.369,-92.801,1.12,930,6963,3
23.593,-94.876,1.12,1640,6432,3
23.11,-113.889,1.12,1764,1564,3
26.744,-116.259,1.12,834,958,3
13.321,-90.485,1.12,4270,7556,3
21.179,-96.577,1.12,2258,5996,3
24.277,-91.958,1.12,1465,7179,3
26.96,-117.202,1.12,778,716,3
28.106,-94.906,1.12,485,6424,3
25.369,-103.791,1.12,1186,4150,3
26.859,-90.452,1.12,804,7564,3
12.806,-107.351,1.12,4402,3238,3
17.784,-101.947,1.12,3127,4622,3
26.532,-91.545,1.12,888,7284,3
23.395,-99.07,1.12,1691,5358,3
1.252,-90.322,1.12,7359,7598,3
25.0,-117.608,1.12,1280,612,3
0.183,-97.159,1.12,7633,5847,3
26.68,-116.428,1.12,850,914,3
19.907,-92.339,1.12,2584,7081,3
20.967,-96.694,1.12,2312,5966,3
29.918,-101.944,1.12,21,4622,3
13.166,-90.274,1.12,4310,7610,3
3.478,-92.298,1.12,6790,7092,3
21.763,-92.71,1.12,2109,6986,3
12.566,-104.653,1.12,4463,3929,3
0.99,-90.588,1.12,7427,7529,3
27.637,-91.468,1.12,605,7304,3
25.18,-95.732,1.12,1234,6213,3
20.427,-118.794,1.12,2451,309,3
25.516,-118.206,1.12,1148,459,3
28.828,-113.696,1.12,300,1614,3
4.168,-98.602,1.12,6613,5478,3
1.301,-113.818,1.12,7347,1583,3
23.35,-91.81,1.11,1702,7217,3
26.435,-91.598,1.11,913,7271,3
22.047,-96.606,1.11,2036,5989,3
23.995,-119.091,1.11,1537,233,3
21.436,-110.449,1.11,2192,2445,3
16.804,-116.576,1.11,3378,877,3
0.928,-113.421,1.11,7442,1684,3
18.707,-95.292,1.11,2891,6325,3
23.386,-118.359,1.11,1693,420,3
29.073,-114.469,1.11,237,1416,3
29.616,-118.306,1.11,98,434,3
24.817,-92.542,1.11,1327,7029,3
24.44,-97.261,1.11,1423,5821,3
7.879,-118.582,1.11,5663,363,3
20.768,-91.838,1.11,2363,7209,3
27.942,-95.873,1.11,527,6177,3
24.45,-97.046,1.11,1421,5876,3
15.634,-111.188,1.11,3678,2256,3
26.335,-91.848,1.11,938,7207,3
25.311,-112.028,1.11,1200,2041,3
22.905,-119.868,1.11,1816,34,3
20.865,-101.429,1.11,2339,4754,3
11.187,-114.998,1.11,4816,1281,3
18.564,-90.315,1.11,2928,7599,3
24.064,-99.944,1.11,1520,5134,3
28.25,-113.824,1.11,448,1581,3
28.794,-117.015,1.11,309,764,3
21.047,-111.575,1.11,2292,2157,3
21.531,-117.426,1.11,2168,659,3
16.111,-93.608,1.11,3556,6756,3
26.371,-91.709,1.11,929,7242,3
24.141,-98.669,1.11,1500,5461,3
25.271,-99.34,1.11,1211,5289,3
6.383,-92.99,1.11,6046,6915,3
24.683,-104.196,1.11,1361,4046,3
24.332,-97.89,1.11,1451,5660,3
26.907,-111.999,1.11,792,2048,3
19.436,-106.207,1.11,2704,3531,3
2.938,-92.122,1.11,6928,7137,3
9.106,-108.982,1.11,5349,2821,3
29.257,-109.087,1.11,190,2794,3
25.968,-99.72,1.1,1032,5192,3
15.775,-93.156,1.1,3642,6872,3
25.532,-101.369,1.1,1144,4770,3
20.657,-114.728,1.1,2392,1350,3
22.95,-92.897,1.1,1805,6938,3
21.827,-91.063,1.1,2092,7408,3
5.423,-119.163,1.1,6292,214,3
9.816,-92.737,1.1,5167,6979,3
26.352,-91.626,1.1,934,7264,3
17.049,-119.904,1.1,3315,25,3
19.439,-116.217,1.1,2704,968,3
18.836,-113.406,1.1,2858,1688,3
25.606,-117.66,1.1,1125,599,3
29.468,-118.495,1.1,136,385,3
24.909,-97.596,1.1,1303,5735,3
19.269,-93.113,1.1,2747,6883,3
26.138,-93.953,1.1,989,6668,3
22.611,-95.378,1.1,1892,6303,3
2.717,-102.586,1.1,6984,4458,3
20.399,-90.172,1.1,2458,7636,3
29.603,-93.375,1.1,102,6816,3
24.504,-98.99,1.1,1407,5379,3
1.807,-112.706,1.1,7217,1867,3
28.242,-103.534,1.1,450,4215,3
19.546,-116.528,1.1,2676,889,3
21.228,-101.931,1.1,2246,4626,3
22.062,-111.981,1.1,2032,2053,3
12.779,-90.037,1.1,4409,7671,3
15.934,-110.899,1.1,3601,2330,3
22.426,-114.283,1.1,1939,1464,3
26.59,-94.663,1.1,873,6486,3
26.457,-97.109,1.1,907,5860,3
28.252,-91.78,1.1,447,7224,3
21.911,-107.499,1.09,2071,3200,3
20.082,-114.809,1.09,2539,1329,3
15.675,-96.019,1.09,3667,6139,3
4.221,-91.568,1.09,6599,7279,3
26.216,-93.973,1.09,969,6663,3
23.11,-98.002,1.09,1764,5631,3
29.576,-117.502,1.09,109,639,3
20.456,-115.064,1.09,2443,1264,3
29.347,-117.506,1.09,167,638,3
25.618,-118.693,1.09,1122,335,3
22.024,-90.91,1.09,2042,7447,3
19.142,-119.9,1.09,2780,26,3
21.077,-119.944,1.09,2284,14,3
29.75,-112.752,1.09,64,1855,3
19.102,-104.158,1.09,2790,4056,3
20.714,-91.372,1.09,2377,7329,3
13.173,-101.399,1.09,4308,4762,3
20.645,-109.199,1.09,2395,2765,3
15.679,-111.974,1.09,3666,2055,3
20.773,-116.371,1.09,2362,929,3
27.681,-118.583,1.09,594,363,3
21.731,-92.141,1.09,2117,7132,3
22.17,-92.582,1.09,2004,7019,3
18.012,-107.949,1.09,3069,3085,3
29.092,-94.773,1.09,232,6458,3
26.378,-118.302,1.09,927,435,3
23.276,-111.35,1.09,1721,2214,3
28.138,-90.195,1.09,477,7630,3
23.122,-90.601,1.09,1761,7526,3
8.926,-108.275,1.09,5395,3002,3
25.192,-90.794,1.09,1231,7477,3
15.316,-114.818,1.09,3759,1327,3
21.706,-116.635,1.09,2123,861,3
27.043,-90.039,1.09,757,7670,3
29.179,-90.02,1.09,210,7675,3
26.164,-104.922,1.09,982,3860,3
19.186,-118.982,1.09,2768,261,3
21.64,-92.734,1.09,2140,6980,3
29.308,-118.523,1.09,177,378,3
26.026,-91.057,1.09,1017,7409,3
28.632,-91.867,1.09,350,7202,3
20.996,-109.903,1.09,2305,2585,3
28.551,-97.615,1.09,371,5731,3
1.385,-100.47,1.09,7325,5000,3
23.395,-106.801,1.09,1691,3379,3
27.262,-117.518,1.08,701,635,3
22.226,-108.815,1.08,1990,2863,3
24.816,-99.347,1.08,1327,5287,3
4.269,-92.345,1.08,6587,7080,3
27.465,-118.316,1.08,649,431,3
23.15,-91.776,1.08,1754,7225,3
29.723,-119.73,1.08,71,69,3
23.961,-101.947,1.08,1546,4622,3
11.331,-91.081,1.08,4779,7403,3
10.007,-105.888,1.08,5118,3613,3
24.958,-118.713,1.08,1291,329,3
24.898,-91.284,1.08,1306,7351,3
24.883,-94.229,1.08,1310,6597,3
19.477,-116.585,1.08,2694,874,3
26.166,-103.904,1.08,982,4121,3
29.884,-93.778,1.08,30,6713,3
22.408,-118.277,1.08,1944,441,3
27.383,-119.201,1.08,670,205,3
17.264,-91.241,1.08,3260,7362,3
29.569,-113.051,1.08,110,1779,3
15.854,-116.184,1.08,3621,977,3
27.22,-95.471,1.08,712,6279,3
28.517,-118.155,1.08,380,472,3
24.476,-119.317,1.08,1414,175,3
24.291,-118.649,1.08,1462,346,3
18.972,-112.448,1.08,2823,1933,3
29.912,-102.241,1.08,23,4546,3
27.166,-92.792,1.08,726,6965,3
21.467,-90.396,1.08,2184,7579,3
25.21,-98.323,1.08,1226,5549,3
24.119,-106.298,1.08,1506,3508,3
23.55,-95.857,1.08,1651,6181,3
23.627,-97.906,1.08,1631,5656,3
24.069,-98.16,1.08,1518,5591,3
26.593,-90.815,1.08,872,7471,3
27.009,-94.873,1.08,766,6433,3
3.788,-90.367,1.08,6710,7586,3
15.83,-92.986,1.08,3628,6916,3
23.644,-117.148,1.08,1627,730,3
5.078,-93.641,1.08,6380,6748,3
3.539,-93.849,1.08,6774,6695,3
26.07,-97.287,1.08,1006,5815,3
21.767,-91.909,1.08,2108,7191,3
24.235,-98.478,1.08,1476,5510,3
27.498,-114.448,1.08,641,1421,3
18.329,-116.298,1.08,2988,948,3
25.02,-93.088,1.08,1275,6889,3
23.135,-92.541,1.08,1757,7030,3
21.524,-90.189,1.08,2170,7632,3
26.924,-101.12,1.08,787,4833,3
25.039,-117.712,1.08,1270,586,3
21.889,-92.209,1.08,2076,7114,3
21.549,-110.799,1.07,2163,2355,3
21.467,-90.844,1.07,2184,7464,3
27.757,-92.507,1.07,574,7038,3
25.74,-100.665,1.07,1091,4950,3
27.509,-119.651,1.07,638,89,3
27.007,-93.844,1.07,766,6696,3
21.872,-99.492,1.07,2081,5250,3
27.22,-92.187,1.07,712,7120,3
7.424,-117.095,1.07,5779,744,3
21.016,-91.211,1.07,2300,7370,3
21.166,-116.997,1.07,2262,769,3
27.26,-115.255,1.07,701,1215,3
16.252,-117.742,1.07,3519,578,3
15.516,-109.731,1.07,3708,2629,3
25.345,-95.194,1.07,1192,6350,3
25.156,-92.712,1.07,1240,6986,3
24.993,-96.147,1.07,1282,6106,3
26.178,-104.959,1.07,978,3850,3
22.625,-91.214,1.07,1888,7369,3
5.871,-91.882,1.07,6177,7198,3
21.814,-91.584,1.07,2096,7274,3
6.337,-91.938,1.07,6058,7184,3
23.789,-105.253,1.07,1590,3775,3
23.245,-101.776,1.07,1729,4665,3
22.179,-91.985,1.07,2002,7172,3
13.657,-90.82,1.07,4184,7470,3
18.072,-118.465,1.07,3054,393,3
1.615,-112.997,1.07,7267,1793,3
19.66,-113.18,1.07,2647,1746,3
19.014,-112.575,1.07,2812,1901,3
22.455,-94.072,1.07,1932,6638,3
21.788,-92.216,1.07,2102,7113,3
7.471,-110.239,1.07,5767,2499,3
25.509,-102.5,1.07,1150,4480,3
25.628,-117.91,1.07,1119,535,3
26.015,-95.553,1.07,1020,6258,3
25.787,-109.302,1.07,1079,2739,3
21.407,-101.911,1.07,2200,4631,3
26.952,-93.633,1.07,780,6750,3
19.201,-102.46,1.07,2765,4490,3
20.646,-107.632,1.07,2395,3166,3
22.477,-113.86,1.07,1926,1572,3
29.634,-109.276,1.06,94,2745,3
24.221,-93.177,1.06,1479,6867,3
21.162,-100.966,1.06,2263,4873,3
15.828,-116.948,1.06,3628,781,3
21.809,-100.522,1.06,2097,4986,3
18.017,-91.764,1.06,3068,7228,3
26.748,-91.175,1.06,833,7379,3
28.076,-96.939,1.06,493,5904,3
16.05,-116.49,1.06,3571,899,3
21.661,-111.629,1.06,2135,2143,3
27.358,-91.154,1.06,676,7385,3
6.302,-92.236,1.06,6067,7108,3
25.979,-100.625,1.06,1029,4960,3
18.918,-91.335,1.06,2837,7338,3
14.49,-117.324,1.06,3971,685,3
23.124,-111.585,1.06,1760,2154,3
18.901,-112.322,1.06,2841,1966,3
29.963,-90.336,1.06,9,7594,3
19.33,-97.79,1.06,2732,5686,3
5.673,-90.332,1.06,6228,7595,3
23.321,-95.215,1.06,1710,6345,3
28.067,-100.919,1.06,495,4885,3
0.286,-112.534,1.06,7607,1911,3
25.059,-101.504,1.06,1265,4735,3
28.697,-96.043,1.06,334,6133,3
29.469,-92.234,1.06,136,7108,3
26.3,-117.624,1.06,947,608,3
18.464,-111.212,1.06,2953,2250,3
4.933,-90.264,1.06,6417,7612,3
28.723,-111.491,1.06,327,2178,3
28.451,-94.854,1.06,397,6437,3
21.931,-99.604,1.06,2066,5221,3
25.342,-117.386,1.06,1192,669,3
24.739,-118.23,1.06,1347,453,3
22.941,-91.223,1.06,1807,7367,3
24.46,-92.878,1.06,1418,6943,3
4.588,-92.846,1.06,6505,6951,3
24.546,-95.737,1.06,1396,6211,3
12.267,-107.36,1.06,4540,3236,3
26.405,-95.869,1.06,920,6178,3
27.49,-117.547,1.06,643,628,3
29.919,-119.549,1.06,21,115,3
27.04,-114.799,1.06,758,1331,3
18.206,-92.529,1.06,3019,7033,3
25.403,-108.601,1.06,1177,2918,3
12.659,-119.216,1.06,4439,201,3
19.136,-105.075,1.06,2781,3821,3
19.586,-106.789,1.06,2666,3382,3
28.057,-114.752,1.06,497,1343,3
13.832,-90.455,1.06,4139,7564,3
29.417,-90.962,1.06,149,7434,3
3.085,-112.731,1.06,6890,1861,3
20.556,-100.908,1.06,2418,4888,3
25.397,-119.988,1.06,1178,3,3
24.071,-97.521,1.06,1518,5755,3
29.638,-101.132,1.06,93,4830,3
16.838,-100.154,1.05,3369,5081,3
25.118,-118.917,1.05,1250,277,3
18.6,-115.629,1.05,2918,1119,3
26.444,-90.783,1.05,910,7480,3
14.488,-99.89,1.05,3971,5148,3
27.414,-94.132,1.05,662,6622,3
4.705,-109.525,1.05,6476,2682,3
1.897,-95.795,1.05,7194,6196,3
9.323,-119.378,1.05,5293,159,3
24.909,-99.314,1.05,1303,5296,3
29.276,-101.489,1.05,185,4739,3
11.312,-96.504,1.05,4784,6015,3
23.283,-111.479,1.05,1720,2181,3
27.3,-110.269,1.05,691,2491,3
22.796,-90.602,1.05,1844,7526,3
20.276,-111.48,1.05,2489,2181,3
24.244,-90.775,1.05,1474,7482,3
14.122,-107.343,1.05,4065,3240,3
29.36,-98.218,1.05,164,5576,3
29.768,-102.577,1.05,59,4460,3
26.182,-98.573,1.05,977,5485,3
24.948,-104.791,1.05,1293,3894,3
0.464,-97.933,1.05,7561,5649,3
26.159,-104.774,1.05,983,3898,3
24.982,-93.013,1.05,1285,6909,3
29.069,-98.49,1.05,238,5507,3
21.477,-93.037,1.05,2182,6903,3
17.536,-101.331,1.05,3191,4779,3
3.293,-109.298,1.05,6837,2740,3
23.384,-95.487,1.05,1694,6275,3
27.575,-93.217,1.05,621,6856,3
20.913,-92.321,1.05,2326,7086,3
12.54,-101.197,1.05,4470,4814,3
20.903,-107.84,1.05,2329,3113,3
15.213,-99.739,1.05,3785,5187,3
25.849,-96.566,1.05,1063,5999,3
18.386,-103.223,1.05,2973,4295,3
25.817,-116.061,1.05,1071,1008,3
29.628,-98.889,1.05,95,5404,3
5.143,-119.97,1.05,6363,8,3
9.082,-101.598,1.05,5355,4711,3
21.273,-117.599,1.05,2234,615,3
7.266,-111.064,1.05,5820,2288,3
22.784,-91.457,1.05,1847,7307,3
22.828,-99.396,1.05,1836,5275,3
21.311,-113.943,1.05,2224,1551,3
29.195,-117.328,1.05,206,684,3
25.183,-111.63,1.05,1233,2143,3
3.18,-93.278,1.05,6866,6841,3
24.328,-103.598,1.05,1452,4199,3
22.1,-92.277,1.05,2022,7097,3
18.756,-109.682,1.05,2878,2641,3
18.523,-117.336,1.05,2938,682,3
26.906,-104.158,1.05,792,4056,3
23.969,-119.472,1.05,1544,135,3
18.685,-118.759,1.05,2897,318,3
6.001,-118.424,1.05,6144,403,3
12.674,-97.345,1.04,4435,5800,3
19.879,-113.8,1.04,2591,1587,3
8.475,-109.607,1.04,5510,2661,3
19.581,-96.175,1.04,2667,6099,3
28.559,-98.803,1.04,369,5426,3
21.381,-114.848,1.04,2206,1319,3
19.924,-117.369,1.04,2579,674,3
18.289,-115.112,1.04,2998,1251,3
14.049,-91.303,1.04,4083,7346,3
27.225,-115.206,1.04,710,1227,3
24.737,-115.745,1.04,1347,1089,3
27.538,-111.88,1.04,630,2079,3
22.392,-100.337,1.04,1948,5034,3
5.624,-91.49,1.04,6240,7299,3
24.704,-95.654,1.04,1356,6233,3
21.841,-111.784,1.04,2089,2103,3
26.241,-116.206,1.04,962,971,3
18.146,-112.811,1.04,3035,1840,3
26.622,-94.751,1.04,865,6464,3
27.141,-114.499,1.04,732,1408,3
4.426,-93.394,1.04,6547,6811,3
27.111,-117.542,1.04,740,629,3
28.731,-116.406,1.04,325,920,3
27.569,-90.359,1.04,622,7588,3
23.665,-91.18,1.04,1622,7378,3
25.186,-108.545,1.04,1232,2932,3
22.702,-109.197,1.04,1868,2766,3
23.452,-99.381,1.04,1676,5278,3
14.854,-95.152,1.04,3877,6361,3
8.379,-119.49,1.04,5535,131,3
29.46,-115.734,1.04,138,1092,3
28.208,-117.734,1.04,459,580,3
19.146,-94.398,1.04,2779,6554,3
26.671,-99.698,1.04,852,5197,3
17.001,-118.055,1.04,3328,498,3
23.322,-100.043,1.04,1710,5109,3
0.874,-111.796,1.04,7456,2100,3
1.787,-112.309,1.04,7223,1969,3
22.407,-117.651,1.04,1944,601,3
11.503,-105.47,1.04,4735,3720,3
14.395,-113.439,1.04,3995,1680,3
23.301,-90.816,1.04,1715,7471,3
28.264,-113.399,1.04,444,1690,3
26.267,-116.466,1.04,956,905,3
20.998,-104.686,1.04,2305,3920,3
21.06,-109.979,1.04,2289,2565,3
27.034,-94.784,1.03,759,6455,3
14.846,-114.525,1.03,3879,1402,3
27.071,-109.128,1.03,750,2783,3
26.433,-116.487,1.03,913,899,3
12.859,-106.389,1.03,4388,3484,3
25.845,-103.266,1.03,1064,4284,3
2.657,-92.926,1.03,7000,6931,3
26.093,-94.807,1.03,1000,6449,3
27.45,-97.301,1.03,653,5811,3
12.215,-112.256,1.03,4553,1982,3
24.326,-91.298,1.03,1453,7348,3
29.995,-90.523,1.03,1,7546,3
29.025,-118.974,1.03,250,263,3
21.573,-104.609,1.03,2157,3940,3
29.95,-91.257,1.03,13,7358,3
25.412,-99.568,1.03,1175,5231,3
20.878,-107.373,1.03,2335,3233,3
28.103,-113.495,1.03,486,1665,3
24.984,-93.626,1.03,1284,6752,3
24.002,-101.396,1.03,1535,4763,3
25.416,-98.967,1.03,1174,5384,3
26.223,-107.719,1.03,967,3144,3
25.984,-92.875,1.03,1028,6944,3
24.236,-119.113,1.03,1476,227,3
1.09,-102.695,1.03,7401,4430,3
3.365,-101.555,1.03,6819,4722,3
16.146,-111.133,1.03,3547,2270,3
20.655,-100.437,1.03,2392,5008,3
19.106,-93.365,1.03,2789,6819,3
19.759,-95.817,1.03,2622,6191,3
6.208,-104.807,1.03,6091,3889,3
18.29,-92.97,1.03,2998,6920,3
13.147,-113.905,1.03,4314,1560,3
27.665,-95.123,1.03,598,6369,3
29.615,-110.388,1.03,99,2461,3
25.42,-97.72,1.03,1172,5704,3
26.425,-91.077,1.03,915,7404,3
19.082,-101.087,1.03,2795,4842,3
18.885,-91.964,1.03,2845,7177,3
18.697,-116.084,1.03,2894,1002,3
11.019,-104.872,1.03,4859,3873,3
21.399,-105.409,1.03,2202,3735,3
12.495,-119.91,1.03,4481,23,3
16.774,-96.204,1.03,3386,6092,3
17.513,-119.521,1.03,3197,123,3
25.642,-96.696,1.03,1116,5966,3
26.167,-94.427,1.03,981,6547,3
23.717,-99.425,1.03,1608,5267,3
0.091,-112.793,1.03,7657,1845,3
21.721,-91.814,1.03,2119,7216,3
25.123,-95.463,1.02,1249,6281,3
16.472,-111.792,1.02,3463,2101,3
26.52,-94.273,1.02,891,6586,3
27.667,-96.398,1.02,597,6042,3
1.4,-90.245,1.02,7322,7617,3
28.087,-97.805,1.02,490,5682,3
28.198,-91.298,1.02,461,7348,3
0.213,-90.132,1.02,7625,7646,3
24.739,-92.909,1.02,1347,6935,3
26.922,-91.63,1.02,788,7263,3
23.8,-90.852,1.02,1587,7462,3
29.727,-113.281,1.02,70,1720,3
27.087,-98.016,1.02,746,5628,3
6.62,-97.998,1.02,5985,5633,3
22.983,-101.507,1.02,1796,4734,3
22.398,-94.464,1.02,1946,6537,3
8.013,-119.908,1.02,5629,24,3
23.558,-109.336,1.02,1649,2730,3
29.991,-96.116,1.02,2,6114,3
25.445,-92.358,1.02,1166,7076,3
18.477,-114.49,1.02,2950,1411,3
11.792,-91.065,1.02,4661,7407,3
24.304,-118.819,1.02,1458,302,3
17.972,-90.471,1.02,3079,7559,3
23.333,-98.802,1.02,1707,5427,3
15.188,-111.085,1.02,3792,2282,3
1.488,-90.587,1.02,7299,7530,3
29.514,-116.312,1.02,124,944,3
18.648,-101.917,1.02,2906,4629,3
3.64,-111.93,1.02,6748,2066,3
19.884,-92.03,1.02,2590,7160,3
14.143,-90.557,1.02,4059,7537,3
0.372,-102.088,1.02,7585,4585,3
19.894,-107.708,1.02,2587,3147,3
29.89,-112.468,1.02,28,1928,3
14.479,-102.38,1.02,3973,4511,3
19.363,-111.369,1.02,2723,2210,3
22.956,-91.53,1.02,1803,7288,3
27.921,-116.693,1.02,532,847,3
13.722,-111.602,1.02,4167,2150,3
22.255,-99.105,1.02,1983,5349,3
26.8,-94.959,1.02,819,6410,3
25.357,-93.518,1.02,1189,6779,3
19.895,-116.174,1.02,2587,979,3
22.051,-90.551,1.02,2035,7539,3
11.712,-90.6,1.02,4682,7526,3
23.013,-90.55,1.02,1789,7539,3
23.294,-90.843,1.02,1717,7464,3
18.043,-92.129,1.02,3061,7135,3
27.256,-101.168,1.02,702,4821,3
29.434,-95.009,1.02,145,6398,3
8.628,-91.094,1.01,5471,7400,3
18.785,-114.729,1.01,2871,1349,3
25.946,-94.194,1.01,1038,6606,3
25.956,-90.34,1.01,1035,7593,3
25.84,-118.57,1.01,1065,366,3
4.033,-93.254,1.01,6648,6847,3
25.471,-104.671,1.01,1159,3924,3
17.186,-106.873,1.01,3280,3361,3
1.017,-114.73,1.01,7420,1349,3
26.397,-99.053,1.01,922,5362,3
10.117,-98.195,1.01,5090,5582,3
26.792,-117.562,1.01,821,624,3
25.952,-114.625,1.01,1036,1376,3
21.195,-91.279,1.01,2254,7353,3
21.51,-96.211,1.01,2173,6090,3
21.7,-111.555,1.01,2125,2162,3
17.815,-114.383,1.01,3119,1438,3
24.476,-98.306,1.01,1414,5554,3
8.29,-93.391,1.01,5558,6812,3
6.463,-93.299,1.01,6025,6835,3
0.776,-112.421,1.01,7481,1940,3
2.625,-93.713,1.01,7008,6729,3
19.291,-101.357,1.01,2742,4773,3
3.507,-114.481,1.01,6782,1413,3
10.908,-117.734,1.01,4888,580,3
25.843,-91.84,1.01,1064,7209,3
28.637,-119.45,1.01,349,141,3
26.579,-96.342,1.01,876,6056,3
26.812,-95.127,1.01,816,6367,3
23.449,-93.3,1.01,1677,6835,3
22.71,-93.638,1.01,1866,6749,3
4.811,-104.207,1.01,6448,4043,3
18.494,-115.24,1.01,2946,1219,3
29.034,-91.441,1.01,247,7311,3
21.925,-93.04,1.01,2067,6902,3
28.868,-115.263,1.01,290,1213,3
24.916,-112.417,1.01,1302,1941,3
29.364,-101.743,1.01,163,4674,3
6.443,-91.92,1.01,6031,7188,3
22.585,-95.968,1.01,1898,6152,3
27.768,-118.645,1.01,571,347,3
27.32,-116.243,1.01,686,962,3
24.772,-98.571,1.01,1338,5486,3
29.677,-91.242,1.01,83,7362,3
18.039,-115.366,1.01,3062,1186,3
6.721,-92.311,1.01,5959,7088,3
20.554,-93.151,1.01,2418,6873,3
22.143,-102.053,1.01,2011,4594,3
14.456,-108.839,1.01,3979,2857,3
24.716,-98.781,1.01,1353,5432,3
18.23,-90.974,1.01,3013,7431,3
17.768,-92.538,1.01,3131,7030,3
12.728,-106.701,1.01,4422,3405,3
19.153,-109.204,1.01,2777,2764,3
20.422,-111.592,1.01,2452,2152,3
18.253,-108.923,1.01,3007,2836,3
28.29,-99.394,1.01,438,5275,3
22.571,-94.674,1.01,1902,6483,3
29.334,-97.925,1.01,170,5651,3
23.441,-96.51,1.01,1679,6013,3
19.187,-91.841,1.01,2768,7209,3
28.72,-117.014,1.0,328,764,3
19.648,-115.513,1.0,2650,1149,3
26.113,-99.6,1.0,995,5222,3
13.405,-99.685,1.0,4248,5201,3
26.523,-99.126,1.0,890,5344,3
20.584,-109.494,1.0,2410,2690,3
2.75,-113.707,1.0,6976,1611,3
29.893,-92.996,1.0,27,6913,3
16.172,-91.099,1.0,3540,7399,3
14.639,-118.741,1.0,3932,322,3
16.958,-113.291,1.0,3339,1718,3
13.625,-111.073,1.0,4192,2285,3
19.933,-92.277,1.0,2577,7097,3
15.836,-115.94,1.0,3626,1039,3
28.47,-95.899,1.0,392,6170,3
22.956,-113.912,1.0,1803,1559,3
21.844,-93.215,1.0,2088,6857,3
12.314,-118.526,1.0,4528,377,3
23.463,-91.003,1.0,1673,7423,3
27.031,-117.235,1.0,760,708,3
25.984,-97.125,1.0,1028,5856,3
25.16,-118.19,1.0,1239,463,3
27.581,-105.833,1.0,619,3627,3
24.276,-93.666,1.0,1465,6742,3
6.765,-119.387,1.0,5948,157,3
16.834,-95.08,1.0,3370,6380,3
23.409,-94.628,1.0,1687,6495,3
18.323,-115.796,1.0,2989,1076,3
